,Balancing method,Imbalance %,Model name,Model ID,loss,acc,f1,precision,recall,mcc,auc,spearman,spearman_pval,runtime,samples_per_second,steps_per_second,epoch,ID
1,LLama_simple,10,DistilBERT,1,0.6708589196205139,0.8311926605504587,0.8473029045643153,0.9812590100913022,0.7455275648046732,0.698066183504253,0.9634022602664598,0.9878787878787878,9.307459988955517e-08,42.2142,103.354,12.934,2.0,LLama_simple101
3,ROS,10,DistilBERT,2,1.0731345415115356,0.8121559633027523,0.8279050220634587,0.9752475247524752,0.7192405987586711,0.6671782746170115,0.9586557772788198,1.0,6.646897422032013e-64,41.5959,104.89,13.126,2.0,ROS102
6,Contextual_word_embedding,10,DistilBERT,3,1.0414769649505615,0.811697247706422,0.8265370800760616,0.9809428284854564,0.7141292442497261,0.670037039284347,0.9568193699029194,0.9878787878787878,9.307459988955517e-08,41.9435,104.021,13.018,2.0,Contextual_word_embedding103
7,LLama_complex,10,DistilBERT,3,0.6278846859931946,0.8428899082568807,0.8600040874718987,0.9767873723305478,0.7681635633442863,0.7127167992602422,0.9638637551721102,0.996965091635306,3.698093220209433e-10,42.532,102.582,12.837,2.0,LLama_complex103
8,LLama_simple,10,DistilBERT,3,0.6172627210617065,0.8307339449541284,0.8474576271186439,0.9766555502620295,0.7484483388097846,0.6946860355634,0.9628418896831228,0.996965091635306,3.698093220209433e-10,41.7072,104.61,13.091,2.0,LLama_simple103
9,LLama_complex,10,DistilBERT,4,0.6588147282600403,0.8419724770642202,0.8591290124718871,0.9763011152416357,0.7670682730923695,0.7110698163203915,0.963652715286022,1.0,6.646897422032013e-64,41.8334,104.295,13.052,2.0,LLama_complex104
12,Contextual_word_embedding,20,DistilBERT,0,0.6070431470870972,0.8665137614678899,0.8846611177170036,0.9674902470741222,0.8148959474260679,0.7441929855346838,0.965816380884426,0.996965091635306,3.698093220209433e-10,42.3851,102.937,12.882,2.0,Contextual_word_embedding200
13,LLama_complex,20,DistilBERT,0,0.4477865993976593,0.8642201834862385,0.8823996821613032,0.967755991285403,0.8108798831690398,0.7406748520092951,0.9665038934268846,0.9848069807617048,2.2888344854823721e-07,42.4512,102.777,12.862,2.0,LLama_complex200
14,ROS,20,DistilBERT,0,0.5653459429740906,0.8763761467889908,0.8942100098135427,0.966893039049236,0.8316903979554582,0.75985356293951,0.9659032067927368,0.9878787878787878,9.307459988955517e-08,42.3739,102.964,12.885,2.0,ROS200
16,Contextual_word_embedding,20,DistilBERT,1,0.5319222807884216,0.8811926605504588,0.8987490226739641,0.9671855279764408,0.8393574297188755,0.7679257885939855,0.9654029724416144,0.9878787878787878,9.307459988955517e-08,41.6553,104.741,13.108,2.0,Contextual_word_embedding201
17,LLama_simple,20,DistilBERT,1,0.4867972433567047,0.8559633027522936,0.8733870967741936,0.9752363800090048,0.7907995618838992,0.7316933023643761,0.965791718272338,0.996965091635306,3.698093220209433e-10,42.3371,103.054,12.896,2.0,LLama_simple201
18,Synonym replacement,20,DistilBERT,1,0.5378533601760864,0.8756880733944954,0.893223010244287,0.9700470688917416,0.8276743336984301,0.7602356903704456,0.966673603730158,1.0,6.646897422032013e-64,41.7719,104.448,13.071,2.0,Synonym replacement201
19,LLama_complex,20,DistilBERT,2,0.4382385611534118,0.8738532110091743,0.892114554727344,0.9639677829588807,0.8302300109529025,0.7543348545041744,0.9657293297467814,1.0,6.646897422032013e-64,41.7576,104.484,13.075,2.0,LLama_complex202
20,Spelling_mistake,20,DistilBERT,2,0.5651780962944031,0.8639908256880734,0.8824112631370218,0.9657118055555556,0.8123402701715955,0.7392706251331118,0.9636955088595084,0.9878787878787878,9.307459988955517e-08,42.3589,103.001,12.89,2.0,Spelling_mistake202
23,imbalanced,20,DistilBERT,3,0.3358661234378814,0.8706422018348624,0.8884493670886076,0.9693569270608544,0.8200073019350128,0.7517405514854792,0.9667077259742802,0.996965091635306,3.698093220209433e-10,41.8448,104.266,13.048,2.0,imbalanced203
24,paraphrase,20,DistilBERT,3,0.4755052626132965,0.8784403669724771,0.8970873786407767,0.9581086686022398,0.8433734939759037,0.7592256737702511,0.9611183222036258,0.960490759014502,1.0163235882999593e-05,41.7447,104.516,13.079,2.0,paraphrase203
25,Spelling_mistake,20,DistilBERT,4,0.5187110304832458,0.8784403669724771,0.8960784313725491,0.9678102498941128,0.8342460752099307,0.7636727126229118,0.96566558984522,0.9878787878787878,9.307459988955517e-08,41.8451,104.266,13.048,2.0,Spelling_mistake204
26,Synonym replacement,50,DistilBERT,0,0.2957361340522766,0.9130733944954128,0.9294358592440888,0.9483282674772036,0.9112814895947426,0.8174837486566535,0.9703413508219406,1.0,6.646897422032013e-64,41.6954,104.64,13.095,2.0,Synonym replacement500
27,Contextual_word_embedding,50,DistilBERT,1,0.3144645988941192,0.9080275229357798,0.9247231086915711,0.9517001545595054,0.8992332968236583,0.8089262999892181,0.9684244239590858,0.996965091635306,3.698093220209433e-10,41.647,104.761,13.11,2.0,Contextual_word_embedding501
28,Summarization,50,DistilBERT,1,0.3059552609920501,0.9061926605504588,0.923451244619128,0.947388632872504,0.900693683826214,0.804247346955394,0.96680457458796,0.996965091635306,3.698093220209433e-10,41.8364,104.287,13.051,2.0,Summarization501
30,paraphrase,50,DistilBERT,1,0.3130093216896057,0.9073394495412844,0.9241457003379648,0.9512949362195592,0.8985031033223805,0.8075290699800537,0.9675487323079542,0.996965091635306,3.698093220209433e-10,41.5912,104.902,13.128,2.0,paraphrase501
32,LLama_simple,50,DistilBERT,3,0.3030128180980682,0.904816513761468,0.9218308532680354,0.9521400778210116,0.8933917488134355,0.803135705874095,0.967946036853375,0.9878787878787878,9.307459988955517e-08,41.903,104.121,13.03,2.0,LLama_simple503
33,Synonym replacement,50,DistilBERT,3,0.2987748086452484,0.9059633027522936,0.9237634808478988,0.9412656309208032,0.9069003285870756,0.8021366233616184,0.9705670306147476,0.996965091635306,3.698093220209433e-10,41.7263,104.562,13.085,2.0,Synonym replacement503
35,Contextual_word_embedding,50,DistilBERT,4,0.2972430288791656,0.9126146788990824,0.9292741785780584,0.9452416918429004,0.913837166849215,0.815844465643376,0.9702317767508822,0.9787279253249042,8.73148286763856e-07,41.5842,104.92,13.13,2.0,Contextual_word_embedding504
36,LLama_simple,50,DistilBERT,4,0.2864411771297455,0.9128440366972476,0.929341762737077,0.946949602122016,0.9123767798466592,0.8167006040535164,0.9718072559431828,0.9878044218151566,9.53712822407752e-08,42.3274,103.078,12.899,2.0,LLama_simple504
37,Synonym replacement,50,DistilBERT,4,0.2964211106300354,0.9112385321100918,0.9282669138090824,0.9427710843373494,0.914202263599854,0.8126093326012307,0.9708834778292126,0.9787279253249042,8.73148286763856e-07,42.5528,102.531,12.831,2.0,Synonym replacement504
0,Contextual_word_embedding,10,DistilBERT,0,0.9537256956100464,0.8295871559633028,0.8462652596730809,0.9765998089780324,0.74662285505659,0.692981333267842,0.9559991972826531,0.960490759014502,1.0163235882999593e-05,42.295,103.156,12.909,2.0,Contextual_word_embedding100
1,LLama_complex,10,DistilBERT,0,0.538057804107666,0.8513761467889909,0.8691437802907916,0.9724356077722548,0.7856882073749544,0.7231286237388073,0.96566558984522,1.0,6.646897422032013e-64,42.2595,103.243,12.92,2.0,LLama_complex100
2,ROS,10,DistilBERT,0,1.1055679321289062,0.8229357798165138,0.8392336526447314,0.9767329132331556,0.7356699525374224,0.6834364856303816,0.9597721264734784,0.9878787878787878,9.307459988955517e-08,42.5754,102.477,12.824,2.0,ROS100
3,LLama_complex,10,DistilBERT,1,0.6988430023193359,0.8217889908256881,0.8380912690143779,0.9762135922330096,0.7342095655348667,0.6814768784395876,0.95998417989157,0.996965091635306,3.698093220209433e-10,42.2692,103.219,12.917,2.0,LLama_complex101
4,Spelling_mistake,10,DistilBERT,1,0.8173704743385315,0.8137614678899082,0.8293400588482555,0.9772164437840516,0.7203358890105878,0.6706541372093074,0.9611205744969672,1.0,6.646897422032013e-64,42.0053,103.868,12.998,2.0,Spelling_mistake101
6,Synonym replacement,10,DistilBERT,2,1.2284433841705322,0.7974770642201835,0.8111229946524063,0.9793388429752066,0.6922234392113911,0.6493077576732958,0.9576143168377622,0.996965091635306,3.698093220209433e-10,41.8245,104.317,13.055,2.0,Synonym replacement102
7,imbalanced,10,DistilBERT,2,0.333792507648468,0.808256880733945,0.8228062738448496,0.9807983830217282,0.7086527929901424,0.6651336520645063,0.9629896401263176,1.0,6.646897422032013e-64,42.3611,102.996,12.889,2.0,imbalanced102
9,ROS,10,DistilBERT,3,1.1013550758361816,0.8142201834862385,0.830259849119866,0.9744220363994096,0.7232566630156991,0.6695921598651625,0.9590205361854574,1.0,6.646897422032013e-64,41.9516,104.001,13.015,2.0,ROS103
10,Synonym replacement,10,DistilBERT,3,1.051160216331482,0.7979357798165138,0.8114701476567515,0.9803516028955532,0.6922234392113911,0.650575785049316,0.9563568614652654,1.0,6.646897422032013e-64,42.3611,102.995,12.889,2.0,Synonym replacement103
11,Contextual_word_embedding,10,DistilBERT,4,1.094890594482422,0.8174311926605504,0.8331936295054485,0.9778652238071815,0.7258123402701716,0.6762514835489557,0.9574180294730602,1.0,6.646897422032013e-64,42.4683,102.735,12.857,2.0,Contextual_word_embedding104
14,imbalanced,20,DistilBERT,0,0.3507158458232879,0.8628440366972477,0.880591054313099,0.9717937417364476,0.8050383351588171,0.7405775226951522,0.9668349805480684,0.9878787878787878,9.307459988955517e-08,42.3719,102.969,12.886,2.0,imbalanced200
15,Summarization,20,DistilBERT,1,0.4167256951332092,0.8850917431192661,0.903300521134916,0.9582309582309584,0.8543263964950711,0.7705266905956616,0.9627905373949388,0.9636363636363636,7.320974809529922e-06,42.4508,102.778,12.862,2.0,Summarization201
16,Contextual_word_embedding,20,DistilBERT,2,0.6250647306442261,0.8635321100917431,0.8818272095332672,0.9668989547038328,0.8105147864184009,0.7391452677551598,0.9624341119736644,0.9878787878787878,9.307459988955517e-08,42.612,102.389,12.813,2.0,Contextual_word_embedding202
17,ROS,20,DistilBERT,2,0.6218565106391907,0.8667431192660551,0.8846535636291444,0.969538729329852,0.8134355604235123,0.7455919448253181,0.964582574592014,0.9878787878787878,9.307459988955517e-08,41.9684,103.959,13.01,2.0,ROS202
20,LLama_simple,20,DistilBERT,3,0.4444325268268585,0.8756880733944954,0.8935585231736056,0.9668508287292816,0.8305951077035414,0.7587073077012964,0.9673775580140088,0.960490759014502,1.0163235882999593e-05,42.6133,102.386,12.813,2.0,LLama_simple203
21,LLama_complex,20,DistilBERT,4,0.4762413203716278,0.8678899082568807,0.8858049167327519,0.9691973969631236,0.8156261409273458,0.7472493737365616,0.9664016393091855,0.996965091635306,3.698093220209433e-10,42.2344,103.305,12.928,2.0,LLama_complex204
22,ROS,20,DistilBERT,4,0.6313340067863464,0.8733944954128441,0.890909090909091,0.9711331322705732,0.8229280759401242,0.7570480182423288,0.9660259567798422,0.9787279253249042,8.73148286763856e-07,42.2144,103.353,12.934,2.0,ROS204
23,Summarization,20,DistilBERT,4,0.4519190490245819,0.8669724770642202,0.8846459824980112,0.9716033202271734,0.8119751734209566,0.7470030571471641,0.9633617189863148,0.9878787878787878,9.307459988955517e-08,41.9623,103.974,13.012,2.0,Summarization204
24,Synonym replacement,20,DistilBERT,4,0.5650545358657837,0.8678899082568807,0.8858049167327519,0.9691973969631236,0.8156261409273458,0.7472493737365616,0.9658689719339472,0.996965091635306,3.698093220209433e-10,41.7992,104.38,13.062,2.0,Synonym replacement204
25,imbalanced,20,DistilBERT,4,0.3800936639308929,0.861697247706422,0.8789885611077665,0.9759358288770054,0.7995618838992333,0.7409488885960809,0.9658622150539232,0.996965091635306,3.698093220209433e-10,42.4957,102.669,12.848,2.0,imbalanced204
26,Contextual_word_embedding,50,DistilBERT,0,0.2817671298980713,0.9144495412844036,0.93065625580963,0.9481060606060606,0.913837166849215,0.8200573540174668,0.9709156856239944,0.9878787878787878,9.307459988955517e-08,42.4157,102.863,12.873,2.0,Contextual_word_embedding500
27,LLama_simple,50,DistilBERT,0,0.2932137846946716,0.9089449541284405,0.9257249766136576,0.9493476592478894,0.9032493610806864,0.8099556693156199,0.9709843805709067,0.9878787878787878,9.307459988955517e-08,41.7782,104.433,13.069,2.0,LLama_simple500
28,LLama_simple,50,DistilBERT,1,0.2912539839744568,0.9094036697247706,0.9259328708044252,0.9518118735543564,0.9014238773274916,0.8115182200539963,0.9703915769634536,1.0,6.646897422032013e-64,42.5302,102.586,12.838,2.0,LLama_simple501
30,imbalanced,50,DistilBERT,1,0.271261066198349,0.9105504587155964,0.9270482603815936,0.950517836593786,0.904709748083242,0.8132948617528153,0.9697839082199472,0.9878787878787878,9.307459988955517e-08,42.2507,103.264,12.923,2.0,imbalanced501
31,LLama_complex,50,DistilBERT,2,0.2909424006938934,0.9098623853211008,0.92625258022143,0.9528957528957528,0.9010587805768528,0.8126884677755964,0.9713143415454202,0.996965091635306,3.698093220209433e-10,42.2109,103.362,12.935,2.0,LLama_complex502
32,ROS,50,DistilBERT,2,0.3128040134906769,0.905045871559633,0.9221218961625282,0.9511059371362048,0.8948521358159912,0.803233340057511,0.9688012326351,0.960490759014502,1.0163235882999593e-05,41.8725,104.197,13.04,2.0,ROS502
33,Spelling_mistake,50,DistilBERT,2,0.3423021733760834,0.9,0.9173616376042456,0.953882538431218,0.8835341365461847,0.7949606986367141,0.9671498511571944,1.0,6.646897422032013e-64,42.3934,102.917,12.879,2.0,Spelling_mistake502
34,Synonym replacement,50,DistilBERT,2,0.3224152624607086,0.9043577981651376,0.921454134488604,0.951750972762646,0.8930266520627966,0.8021709756415927,0.968535124176815,0.9787279253249042,8.73148286763856e-07,42.3135,103.111,12.904,2.0,Synonym replacement502
35,paraphrase,50,DistilBERT,2,0.3114101588726043,0.90848623853211,0.9248446035034849,0.9552529182879378,0.8963125228185469,0.8108535477341129,0.9698568825242082,0.996965091635306,3.698093220209433e-10,42.3061,103.129,12.906,2.0,paraphrase502
37,Summarization,50,DistilBERT,3,0.2889443635940552,0.9123853211009174,0.9286514755323122,0.9506692160611856,0.9076305220883534,0.816790224362676,0.9710973330819772,0.9878787878787878,9.307459988955517e-08,42.2861,103.178,12.912,2.0,Summarization503
1,LLama_simple,10,DistilBERT,0,0.5560732483863831,0.8483944954128441,0.8658412827278263,0.9748628884826326,0.778751369112815,0.7199233721694555,0.9643085831070342,0.9878787878787878,9.307459988955517e-08,42.5878,102.447,12.821,2.0,LLama_simple100
4,Synonym replacement,10,DistilBERT,0,1.0429096221923828,0.8194954128440367,0.8349758859299643,0.9807881773399014,0.7269076305220884,0.6809625204990668,0.9588296543247748,0.996965091635306,3.698093220209433e-10,42.5265,102.595,12.839,2.0,Synonym replacement100
6,LLama_complex,10,DistilBERT,2,0.6578629016876221,0.8272935779816514,0.8443893366398015,0.9728571428571428,0.7458926615553122,0.6874289286843753,0.9618815118023548,1.0,6.646897422032013e-64,42.2823,103.187,12.913,2.0,LLama_complex102
9,Summarization,10,DistilBERT,3,0.7669966816902161,0.8025229357798165,0.8169253667871571,0.9781059063136456,0.701350857977364,0.6554867380437948,0.9588195190047386,0.9878044218151566,9.53712822407752e-08,42.6392,102.324,12.805,2.0,Summarization103
12,Summarization,10,DistilBERT,4,0.7076901197433472,0.819954128440367,0.8361511166771028,0.9761208576998052,0.7312887915297553,0.6787916080932409,0.9548320588731462,0.9787279253249042,8.73148286763856e-07,42.5229,102.604,12.84,2.0,Summarization104
13,Synonym replacement,10,DistilBERT,4,1.14586079120636,0.7919724770642201,0.8046521645487831,0.98109243697479,0.6820007301935013,0.6429053776641521,0.9599429629234228,1.0,6.646897422032013e-64,42.588,102.447,12.821,2.0,Synonym replacement104
16,Synonym replacement,20,DistilBERT,0,0.6044612526893616,0.8665137614678899,0.8842482100238664,0.9711664482306684,0.8116100766703176,0.7460527018058617,0.965226843102318,0.996965091635306,3.698093220209433e-10,42.6052,102.405,12.815,2.0,Synonym replacement200
18,ROS,20,DistilBERT,1,0.5718015432357788,0.8743119266055046,0.892168437622983,0.9675629534784465,0.8276743336984301,0.756802403609092,0.9649585949653584,0.996965091635306,3.698093220209433e-10,42.6627,102.267,12.798,2.0,ROS201
20,LLama_simple,20,DistilBERT,2,0.4457803964614868,0.8733944954128441,0.8914240755310779,0.9663113006396588,0.8273092369477911,0.7547070539003691,0.966048254483922,1.0,6.646897422032013e-64,42.4489,102.782,12.863,2.0,LLama_simple202
21,ROS,20,DistilBERT,3,0.5646080374717712,0.8798165137614679,0.8974158183241974,0.9674968341072182,0.836801752464403,0.7657933340304176,0.9673378050365332,1.0,6.646897422032013e-64,42.7637,102.026,12.768,2.0,ROS203
22,Spelling_mistake,20,DistilBERT,3,0.4768938720226288,0.8791284403669725,0.8972909764178523,0.9623745819397992,0.8404527199707923,0.7623003373111511,0.9646924865070736,0.996965091635306,3.698093220209433e-10,42.5595,102.515,12.829,2.0,Spelling_mistake203
23,Summarization,20,DistilBERT,3,0.4607148468494415,0.8763761467889908,0.8954818693038589,0.954921422663358,0.8430083972252647,0.7543371185227813,0.9601522009748376,0.9361745372672996,6.718873258402915e-05,42.6024,102.412,12.816,2.0,Summarization203
24,LLama_simple,20,DistilBERT,4,0.4608507752418518,0.8724770642201835,0.8901619913077835,0.9698665518725784,0.8225629791894852,0.7549471097874985,0.9671255263891076,1.0,6.646897422032013e-64,42.7735,102.002,12.765,2.0,LLama_simple204
25,LLama_complex,50,DistilBERT,0,0.282814085483551,0.911697247706422,0.9279970076678512,0.9513036809815952,0.9058050383351588,0.8156668571544466,0.9712076954557052,0.9878787878787878,9.307459988955517e-08,42.5784,102.47,12.823,2.0,LLama_complex500
27,ROS,50,DistilBERT,1,0.3133601546287536,0.908256880733945,0.924896733007886,0.9520680324700426,0.8992332968236583,0.8094613781015603,0.9693809729411732,0.996965091635306,3.698093220209433e-10,42.6313,102.343,12.808,2.0,ROS501
35,ROS,50,DistilBERT,4,0.2868677079677582,0.9123853211009174,0.9291280148423006,0.944549226706903,0.914202263599854,0.8152380873470271,0.9707350516980152,0.9878787878787878,9.307459988955517e-08,42.43,102.828,12.868,2.0,ROS504
36,Spelling_mistake,50,DistilBERT,4,0.3006817698478699,0.913302752293578,0.9295827123695976,0.9490300494484596,0.9109163928441036,0.8180989968525141,0.9702213035868448,0.9878787878787878,9.307459988955517e-08,42.5122,102.629,12.843,2.0,Spelling_mistake504
2,paraphrase,10,DistilBERT,0,0.7196991443634033,0.8431192660550458,0.8605788830004076,0.974157821873558,0.7707192405987586,0.7115713261792045,0.960544100016239,0.9636363636363636,7.320974809529922e-06,41.903,104.121,13.03,2.0,paraphrase100
3,ROS,10,DistilBERT,1,1.0481622219085691,0.8236238532110092,0.8400914951133291,0.9758454106280192,0.737495436290617,0.6838945524834965,0.9568583345777254,0.9757575757575756,1.4675461874042197e-06,41.8975,104.135,13.032,2.0,ROS101
4,Summarization,10,DistilBERT,1,0.6788532733917236,0.8321100917431192,0.8485726106743896,0.9789976133651552,0.7488134355604235,0.698071449968342,0.9610285683139717,0.9515151515151514,2.279854920641689e-05,41.8592,104.23,13.044,2.0,Summarization101
5,Synonym replacement,10,DistilBERT,1,1.0081120729446411,0.8231651376146789,0.8394084565715477,0.9772065955383124,0.7356699525374224,0.6840505849742624,0.960191841337646,0.996965091635306,3.698093220209433e-10,41.7303,104.552,13.084,2.0,Synonym replacement101
6,imbalanced,10,DistilBERT,1,0.3386861681938171,0.8123853211009174,0.8272804054054054,0.9809714571857788,0.7152245345016429,0.6710208624010253,0.9638551964574128,1.0,6.646897422032013e-64,42.0173,103.838,12.995,2.0,imbalanced101
7,paraphrase,10,DistilBERT,1,0.8005222082138062,0.8288990825688073,0.8453565505804312,0.977937649880096,0.7444322745527565,0.6927714972617367,0.9585897850839172,0.960490759014502,1.0163235882999593e-05,41.747,104.51,13.079,2.0,paraphrase101
10,imbalanced,10,DistilBERT,3,0.3675779700279236,0.801605504587156,0.8151314383415259,0.9829896907216494,0.6962395034684191,0.6572788581719283,0.965478649497885,0.996965091635306,3.698093220209433e-10,41.8408,104.276,13.049,2.0,imbalanced103
11,paraphrase,10,DistilBERT,3,0.8826920986175537,0.798394495412844,0.8119786096256684,0.9803719008264464,0.6929536327126689,0.65121809462857,0.9605429738695684,1.0,6.646897422032013e-64,42.0118,103.852,12.996,2.0,paraphrase103
13,Spelling_mistake,10,DistilBERT,4,0.8543569445610046,0.8135321100917431,0.8290939667857893,0.977205153617443,0.7199707922599489,0.6703231859570069,0.9595330455352904,1.0,6.646897422032013e-64,41.6734,104.695,13.102,2.0,Spelling_mistake104
16,LLama_simple,20,DistilBERT,0,0.4515243172645569,0.8672018348623853,0.8855052402610243,0.9659188955996548,0.8174516246805403,0.7445073942418662,0.9664927445748446,0.9787279253249042,8.73148286763856e-07,41.7216,104.574,13.087,2.0,LLama_simple200
18,Summarization,20,DistilBERT,0,0.4436914622783661,0.876834862385321,0.8953828170660433,0.9598997493734336,0.8389923329682366,0.7573558961564131,0.9614411884541136,0.9636363636363636,7.320974809529922e-06,41.5878,104.91,13.129,2.0,Summarization200
19,LLama_complex,20,DistilBERT,1,0.5081678628921509,0.8543577981651376,0.8727709877780003,0.9671403197158082,0.7951807228915663,0.7248647551286083,0.9661917255697684,1.0,6.646897422032013e-64,42.0323,103.801,12.99,2.0,LLama_complex201
20,imbalanced,20,DistilBERT,1,0.377750039100647,0.8571100917431193,0.8752253154416183,0.9693877551020408,0.7977364001460387,0.7303418055243047,0.9670800300636114,0.996965091635306,3.698093220209433e-10,41.9156,104.09,13.026,2.0,imbalanced201
21,paraphrase,20,DistilBERT,1,0.3981919586658478,0.8901376146788991,0.9078314412160862,0.9597233523189586,0.8612632347572107,0.7798020126355409,0.9641678147731972,0.9787279253249042,8.73148286763856e-07,41.9474,104.011,13.016,2.0,paraphrase201
22,Summarization,20,DistilBERT,2,0.5204147696495056,0.8639908256880734,0.882551000198059,0.9645021645021644,0.8134355604235123,0.7386581098462872,0.95955534323937,0.9787279253249042,8.73148286763856e-07,41.7968,104.386,13.063,2.0,Summarization202
23,imbalanced,20,DistilBERT,2,0.3628389835357666,0.8591743119266055,0.8769045709703288,0.9724321920853712,0.7984665936473165,0.7351689724142464,0.9656516256265036,0.996965091635306,3.698093220209433e-10,41.7065,104.612,13.091,2.0,imbalanced202
24,paraphrase,20,DistilBERT,2,0.538521945476532,0.8639908256880734,0.8827831587270212,0.9625,0.8152610441767069,0.7376493237632709,0.961582857705287,0.996965091635306,3.698093220209433e-10,41.9265,104.063,13.023,2.0,paraphrase202
25,LLama_complex,20,DistilBERT,3,0.3898557722568512,0.8885321100917432,0.906068805566293,0.9626283367556469,0.8557867834976268,0.7782548817575599,0.9679980648295612,0.996965091635306,3.698093220209433e-10,41.7037,104.619,13.092,2.0,LLama_complex203
26,Synonym replacement,20,DistilBERT,3,0.5255964398384094,0.8772935779816514,0.895405669599218,0.9638047138047138,0.8360715589631252,0.7599152417356112,0.9660319253571968,1.0,6.646897422032013e-64,41.8902,104.153,13.034,2.0,Synonym replacement203
27,paraphrase,20,DistilBERT,4,0.4396840035915375,0.8745412844036697,0.8921742558643802,0.969580119965724,0.8262139466958744,0.7581478224642996,0.9662775379460752,0.9878787878787878,9.307459988955517e-08,41.6155,104.841,13.12,2.0,paraphrase204
28,ROS,50,DistilBERT,0,0.3062484860420227,0.9107798165137616,0.9275200298118128,0.9471080669710806,0.9087258123402702,0.8128084589626792,0.9703523870593136,0.9878787878787878,9.307459988955517e-08,41.9448,104.018,13.017,2.0,ROS500
29,Summarization,50,DistilBERT,0,0.2965472936630249,0.9146788990825688,0.930880713489409,0.9477866061293984,0.9145673603504928,0.8204195647360358,0.9695055247629516,0.9848069807617048,2.2888344854823721e-07,41.8755,104.19,13.039,2.0,Summarization500
30,imbalanced,50,DistilBERT,0,0.3051130175590515,0.9089449541284405,0.9257805197233128,0.9486590038314175,0.9039795545819642,0.8097626723029422,0.9697067671730047,1.0,6.646897422032013e-64,41.9832,103.923,13.005,2.0,imbalanced500
32,Contextual_word_embedding,50,DistilBERT,2,0.3232035934925079,0.9020642201834862,0.9195705405914484,0.9498054474708172,0.891201168309602,0.7973473244790815,0.9676197921628752,0.9787279253249042,8.73148286763856e-07,41.9261,104.064,13.023,2.0,Contextual_word_embedding502
35,LLama_complex,50,DistilBERT,3,0.3099032640457153,0.9080275229357798,0.9244963283750706,0.9545101088646968,0.8963125228185469,0.8097791046003836,0.9693127284529288,0.996965091635306,3.698093220209433e-10,41.7632,104.47,13.074,2.0,LLama_complex503
36,LLama_complex,50,DistilBERT,4,0.2946765422821045,0.9155963302752294,0.93180133432172,0.9461799021452766,0.9178532311062432,0.821811196355354,0.9704937184664856,0.9757575757575756,1.4675461874042197e-06,41.6438,104.77,13.111,2.0,LLama_complex504
38,paraphrase,50,DistilBERT,4,0.2959777414798736,0.9112385321100918,0.9282403115149268,0.9431047475508666,0.913837166849215,0.8126881671187879,0.969673095387551,0.996965091635306,3.698093220209433e-10,41.8559,104.239,13.045,2.0,paraphrase504
3,Contextual_word_embedding,10,DistilBERT,1,0.8781266808509827,0.8387614678899082,0.8569102381437004,0.968261269549218,0.7685286600949252,0.7016923931747355,0.9598247175229998,0.9878787878787878,9.307459988955517e-08,42.2383,103.295,12.927,2.0,Contextual_word_embedding101
4,Contextual_word_embedding,10,DistilBERT,2,1.0657135248184204,0.8165137614678899,0.8320033599328014,0.9792387543252596,0.7232566630156991,0.6757856963266761,0.960214814729728,0.9878787878787878,9.307459988955517e-08,41.9546,103.993,13.014,2.0,Contextual_word_embedding102
10,Contextual_word_embedding,20,DistilBERT,4,0.5915191173553467,0.8660550458715597,0.8840809845176657,0.9686820356676816,0.8130704636728733,0.7440628400410619,0.9657055680520298,0.9636363636363636,7.320974809529922e-06,41.9628,103.973,13.012,2.0,Contextual_word_embedding204
11,Spelling_mistake,50,DistilBERT,0,0.3234692215919494,0.9096330275229356,0.9264925373134328,0.947348340328119,0.9065352318364368,0.810700225912147,0.968857877812636,0.9878787878787878,9.307459988955517e-08,42.5298,102.587,12.838,2.0,Spelling_mistake500
13,LLama_complex,50,DistilBERT,1,0.2925693988800049,0.9071100917431192,0.924114671163575,0.9491916859122402,0.9003285870755751,0.8064816224016582,0.9711228966114022,1.0,6.646897422032013e-64,41.9518,104.0,13.015,2.0,LLama_complex501
18,imbalanced,50,DistilBERT,4,0.2936221063137054,0.910091743119266,0.926674148896371,0.9501342539317222,0.9043446513326032,0.8123269461470194,0.9696627348381808,1.0,6.646897422032013e-64,42.3711,102.971,12.886,2.0,imbalanced504
19,Contextual_word_embedding,20,DistilBERT,3,0.5707280039787292,0.8738532110091743,0.8919025157232704,0.9659429544487016,0.8284045271997079,0.7552775577212708,0.9655865343489376,1.0,6.646897422032013e-64,42.8048,101.928,12.756,2.0,Contextual_word_embedding203
36,Contextual_word_embedding,50,DistilBERT,3,0.288689911365509,0.9110091743119266,0.9275037369207773,0.9498660543436664,0.9061701350857976,0.8139778477354366,0.9710554404258276,0.9878787878787878,9.307459988955517e-08,42.2661,103.227,12.918,2.0,Contextual_word_embedding503
8,LLama_simple,10,DistilBERT,2,0.6329106092453003,0.8357798165137614,0.8527960526315789,0.976,0.7572106608251187,0.7017065001648322,0.9638252409559724,0.9787279253249042,8.73148286763856e-07,41.8074,104.36,13.06,2.0,LLama_simple102
6,LLama_simple,10,DistilBERT,4,0.6581080555915833,0.838302752293578,0.8546691403834262,0.9815340909090908,0.7568455640744798,0.7086303991509681,0.964132678997072,1.0,6.646897422032013e-64,42.6884,102.206,12.79,2.0,LLama_simple104
33,LLama_simple,50,DistilBERT,2,0.2933146357536316,0.9103211009174312,0.926184632811025,0.9589523064894449,0.8955823293172691,0.8153804005638597,0.9710924906512932,0.9848069807617048,2.2888344854823721e-07,41.9583,103.984,13.013,2.0,LLama_simple502
12,ROS,10,DistilBERT,4,1.221377968788147,0.8094036697247706,0.8247944339025932,0.9760479041916168,0.7141292442497261,0.6637978278503368,0.953970218826064,0.9665698144513026,5.248115668648561e-06,41.9298,104.055,13.022,2.0,ROS104
15,ROS,50,DistilBERT,3,0.3014923930168152,0.9057339449541284,0.9224966999811428,0.9539781591263652,0.8930266520627966,0.805400877261069,0.9708204136156536,0.9878787878787878,9.307459988955517e-08,42.1657,103.473,12.949,2.0,ROS503
1,Spelling_mistake,10,DistilBERT,0,0.7427929639816284,0.8346330275229358,0.852102564102564,0.972378277153558,0.7583059510770355,0.6979137630699697,0.959934854667394,0.9515151515151514,2.279854920641689e-05,41.9581,103.985,13.013,2.0,Spelling_mistake100
9,Spelling_mistake,10,DistilBERT,2,0.8573261499404907,0.8130733944954128,0.8288893554482469,0.9752964426877472,0.7207009857612268,0.6685042739113338,0.9604733780053194,0.9636363636363636,7.320974809529922e-06,42.0312,103.804,12.99,2.0,Spelling_mistake102
5,Spelling_mistake,10,DistilBERT,3,0.7920441031455994,0.8071100917431193,0.8225364000844061,0.9745,0.7115735669952538,0.6596243007474633,0.9606542371606328,0.9878787878787878,9.307459988955517e-08,42.3904,102.924,12.88,2.0,Spelling_mistake103
17,Spelling_mistake,20,DistilBERT,0,0.5075367093086243,0.8759174311926605,0.8938174681059863,0.9664685908319184,0.8313253012048193,0.7589012877617242,0.964486739510338,1.0,6.646897422032013e-64,41.75,104.503,13.078,2.0,Spelling_mistake200
9,Spelling_mistake,20,DistilBERT,1,0.4806514680385589,0.8775229357798165,0.8954581049334378,0.9653862389193753,0.8349762687112084,0.7610295637608921,0.9620247576588672,0.9632626970495626,7.62309597899516e-06,42.0551,103.745,12.983,2.0,Spelling_mistake201
31,Spelling_mistake,50,DistilBERT,1,0.3055312633514404,0.9128440366972476,0.9287856071964018,0.954177897574124,0.904709748083242,0.8186198498992909,0.9692492137807016,0.9878044218151566,9.53712822407752e-08,41.8388,104.281,13.05,2.0,Spelling_mistake501
16,Spelling_mistake,50,DistilBERT,3,0.3070381581783294,0.9041284403669724,0.9214285714285716,0.9496319256102286,0.8948521358159912,0.8010859760468261,0.9702691648203492,0.996965091635306,3.698093220209433e-10,42.2889,103.171,12.911,2.0,Spelling_mistake503
1,Summarization,10,DistilBERT,0,0.6314162015914917,0.8387614678899082,0.856501326801388,0.9712962962962964,0.7659729828404527,0.7034230495496854,0.958500369038264,0.9451395216446112,3.707957081777725e-05,41.9426,104.023,13.018,2.0,Summarization100
5,Summarization,10,DistilBERT,2,0.7194002270698547,0.8162844036697248,0.8335757323914398,0.9672131147540984,0.7323840817816721,0.6681402332851717,0.9539400380952896,0.9515151515151514,2.279854920641689e-05,42.2586,103.245,12.92,2.0,Summarization102
34,Summarization,50,DistilBERT,2,0.304680734872818,0.9071100917431192,0.9242849130678632,0.9471264367816092,0.9025191675794084,0.8058899203730565,0.9674694515823375,0.996965091635306,3.698093220209433e-10,41.9218,104.075,13.024,2.0,Summarization502
37,Summarization,50,DistilBERT,4,0.2833127081394195,0.9126146788990824,0.9298213298950084,0.9382899628252788,0.9215041986126324,0.8143088598042035,0.9691793926871188,1.0,6.646897422032013e-64,42.2195,103.341,12.932,2.0,Summarization504
18,Synonym replacement,20,DistilBERT,2,0.6197245717048645,0.8637614678899083,0.8818615751789977,0.9685452162516384,0.8094194961664841,0.7403505697580478,0.963494829522791,1.0,6.646897422032013e-64,42.2251,103.327,12.931,2.0,Synonym replacement202
29,Synonym replacement,50,DistilBERT,1,0.3201269805431366,0.90848623853211,0.9251547552054024,0.9513888888888888,0.9003285870755751,0.8096866174832925,0.9683308411707512,0.9787279253249042,8.73148286763856e-07,42.2119,103.359,12.935,2.0,Synonym replacement501
2,imbalanced,10,DistilBERT,0,0.4249406456947326,0.7938073394495413,0.8062917474682181,0.983701366982124,0.6830960204454181,0.6470548671527878,0.9617188962231068,1.0,6.646897422032013e-64,42.0644,103.722,12.98,2.0,imbalanced100
12,imbalanced,10,DistilBERT,4,0.3413593769073486,0.7972477064220184,0.8103818103818105,0.9823192927717108,0.6896677619569186,0.6508740090897889,0.9632096891857712,0.996965091635306,3.698093220209433e-10,42.346,103.032,12.894,2.0,imbalanced104
14,imbalanced,50,DistilBERT,2,0.2978877425193786,0.9091743119266056,0.9253675084809648,0.9563693026879626,0.8963125228185469,0.8124658955552,0.9706218739576108,0.9878787878787878,9.307459988955517e-08,42.1307,103.559,12.96,2.0,imbalanced502
17,imbalanced,50,DistilBERT,3,0.3092668950557709,0.905275229357798,0.9220018885741263,0.9550078247261344,0.891201168309602,0.8048944629399756,0.9690225204558912,0.996965091635306,3.698093220209433e-10,42.3546,103.011,12.891,2.0,imbalanced503
7,original,100,DistilBERT,0,0.2344653457403183,0.9174311926605504,0.9352051835853132,0.9222577209797655,0.9485213581599125,0.822102092125693,0.9708999195706048,1.0,6.646897422032013e-64,41.7565,104.487,13.076,2.0,original1000
8,paraphrase,10,DistilBERT,2,0.8210598826408386,0.8211009174311926,0.8374322634431014,0.9757163671685284,0.7334793720335889,0.6801901442054828,0.9603461234315313,0.9787279253249042,8.73148286763856e-07,42.3156,103.106,12.903,2.0,paraphrase102
14,paraphrase,10,DistilBERT,4,0.7908574938774109,0.8220183486238533,0.8383333333333334,0.9762251334303736,0.7345746622855056,0.681813107797196,0.9610691095941164,0.996965091635306,3.698093220209433e-10,41.9089,104.107,13.028,2.0,paraphrase104
8,paraphrase,20,DistilBERT,0,0.5144838094711304,0.8729357798165137,0.8907728706624605,0.9682811830261466,0.8247535596933188,0.7549149120483274,0.965269186217136,0.9878044218151566,9.53712822407752e-08,41.987,103.913,13.004,2.0,paraphrase200
12,paraphrase,50,DistilBERT,0,0.2971395552158355,0.9103211009174312,0.9266829176823552,0.9525828835774864,0.9021540708287696,0.8134517398633861,0.9716091667438076,0.9726488698881034,2.3689349006384747e-06,42.3947,102.914,12.879,2.0,paraphrase500
38,paraphrase,50,DistilBERT,3,0.2946729660034179,0.9128440366972476,0.9289719626168224,0.9517426273458444,0.9072654253377144,0.8179452351179667,0.9706903436751888,0.960490759014502,1.0163235882999593e-05,42.3452,103.034,12.894,2.0,paraphrase503
