,0,Synonym %,Model ID,loss,acc,f1,precision,recall,mcc,auc,runtime,samples_per_second,steps_per_second,epoch
82,eraser_movie_10_synonym_1_0,1,0,1.079674482345581,0.53125,0.09999999999999999,0.625,0.05434782608695652,0.06086956521739131,0.6874999999999999,2.1029,95.107,6.182,1.0
93,eraser_movie_10_synonym_1_1,1,1,1.21240234375,0.5364583333333334,0.08247422680412371,0.8,0.043478260869565216,0.1050149179513433,0.643695652173913,2.0963,95.407,6.201,1.0
96,eraser_movie_10_synonym_1_2,1,2,1.1119906902313232,0.53125,0.09999999999999999,0.625,0.05434782608695652,0.06086956521739131,0.6698913043478261,2.1146,94.582,6.148,1.0
77,eraser_movie_10_synonym_1_3,1,3,1.1726020574569702,0.5364583333333334,0.101010101010101,0.7142857142857143,0.05434782608695652,0.09154998652962187,0.7357608695652174,2.1096,94.805,6.162,1.0
92,eraser_movie_10_synonym_1_4,1,4,1.3037583827972412,0.53125,0.09999999999999999,0.625,0.05434782608695652,0.06086956521739131,0.6680434782608695,2.0853,95.91,6.234,1.0
31,eraser_movie_10_synonym_1_5,1,5,1.2736629247665405,0.53125,0.09999999999999999,0.625,0.05434782608695652,0.06086956521739131,0.6246739130434783,2.1047,95.026,6.177,1.0
58,eraser_movie_10_synonym_1_6,1,6,0.8589003086090088,0.5625,0.20754716981132076,0.7857142857142857,0.11956521739130435,0.17209144412382593,0.8072826086956522,2.0987,95.295,6.194,1.0
99,eraser_movie_10_synonym_1_7,1,7,1.3113881349563599,0.5364583333333334,0.08247422680412371,0.8,0.043478260869565216,0.1050149179513433,0.6007608695652175,2.0935,95.533,6.21,1.0
29,eraser_movie_10_synonym_1_8,1,8,1.2937742471694946,0.5364583333333334,0.08247422680412371,0.8,0.043478260869565216,0.1050149179513433,0.6771739130434783,2.0932,95.545,6.21,1.0
97,eraser_movie_10_synonym_1_9,1,9,1.2924283742904663,0.53125,0.09999999999999999,0.625,0.05434782608695652,0.06086956521739131,0.6630434782608696,2.0958,95.43,6.203,1.0
66,eraser_movie_10_synonym_1_10,1,10,1.2609883546829224,0.5260416666666666,0.042105263157894736,0.6666666666666666,0.021739130434782608,0.04728662437434604,0.6267391304347827,2.1009,95.199,6.188,1.0
24,eraser_movie_10_synonym_1_11,1,11,1.1937016248703003,0.5260416666666666,0.099009900990099,0.5555555555555556,0.05434782608695652,0.03391042383775615,0.6472826086956521,2.0803,96.142,6.249,1.0
59,eraser_movie_10_synonym_1_12,1,12,1.344362735748291,0.53125,0.09999999999999999,0.625,0.05434782608695652,0.06086956521739131,0.6714130434782609,2.1001,95.235,6.19,1.0
81,eraser_movie_10_synonym_1_13,1,13,1.3649193048477173,0.53125,0.09999999999999999,0.625,0.05434782608695652,0.06086956521739131,0.6248913043478261,2.1054,94.995,6.175,1.0
16,eraser_movie_10_synonym_1_14,1,14,1.28084135055542,0.5260416666666666,0.06185567010309278,0.6,0.03260869565217391,0.03955107299466176,0.6308695652173912,2.1227,94.22,6.124,1.0
4,eraser_movie_10_synonym_1_15,1,15,1.3113881349563599,0.5364583333333334,0.08247422680412371,0.8,0.043478260869565216,0.1050149179513433,0.6007608695652175,2.0955,95.441,6.204,1.0
62,eraser_movie_10_synonym_1_16,1,16,1.2937742471694946,0.5364583333333334,0.08247422680412371,0.8,0.043478260869565216,0.1050149179513433,0.6771739130434783,2.1041,95.053,6.178,1.0
7,eraser_movie_10_synonym_1_17,1,17,1.2924283742904663,0.53125,0.09999999999999999,0.625,0.05434782608695652,0.06086956521739131,0.6630434782608696,2.0838,95.978,6.239,1.0
26,eraser_movie_10_synonym_1_18,1,18,1.2609883546829224,0.5260416666666666,0.042105263157894736,0.6666666666666666,0.021739130434782608,0.04728662437434604,0.6267391304347827,2.1183,94.417,6.137,1.0
56,eraser_movie_10_synonym_1_19,1,19,1.1937016248703003,0.5260416666666666,0.099009900990099,0.5555555555555556,0.05434782608695652,0.03391042383775615,0.6472826086956521,2.0891,95.736,6.223,1.0
75,eraser_movie_10_synonym_2_0,2,0,1.3901023864746094,0.53125,0.09999999999999999,0.625,0.05434782608695652,0.06086956521739131,0.6444565217391305,2.135,93.677,6.089,1.0
65,eraser_movie_10_synonym_2_1,2,1,1.311838984489441,0.5364583333333334,0.08247422680412371,0.8,0.043478260869565216,0.1050149179513433,0.6583695652173912,2.1006,95.212,6.189,1.0
86,eraser_movie_10_synonym_2_2,2,2,1.1676558256149292,0.5416666666666666,0.08333333333333333,1.0,0.043478260869565216,0.15207476616811838,0.7440217391304349,2.1056,94.985,6.174,1.0
0,eraser_movie_10_synonym_2_3,2,3,1.3402104377746582,0.53125,0.08163265306122448,0.6666666666666666,0.043478260869565216,0.06741052976458244,0.6257608695652174,2.1942,91.148,5.925,1.0
37,eraser_movie_10_synonym_2_4,2,4,1.2852258682250977,0.53125,0.06249999999999999,0.75,0.03260869565217391,0.07907887840742156,0.6294565217391304,2.1049,95.019,6.176,1.0
76,eraser_movie_10_synonym_2_5,2,5,1.2796238660812378,0.53125,0.09999999999999999,0.625,0.05434782608695652,0.06086956521739131,0.6509782608695652,2.1278,93.994,6.11,1.0
2,eraser_movie_10_synonym_2_6,2,6,1.323777675628662,0.5260416666666666,0.042105263157894736,0.6666666666666666,0.021739130434782608,0.04728662437434604,0.6277173913043478,2.0779,96.253,6.256,1.0
33,eraser_movie_10_synonym_2_7,2,7,1.0780531167984009,0.53125,0.06249999999999999,0.75,0.03260869565217391,0.07907887840742156,0.7160869565217391,2.1044,95.04,6.178,1.0
85,eraser_movie_10_synonym_2_8,2,8,1.3901023864746094,0.53125,0.09999999999999999,0.625,0.05434782608695652,0.06086956521739131,0.6444565217391305,2.0935,95.534,6.21,1.0
61,eraser_movie_10_synonym_2_9,2,9,1.311838984489441,0.5364583333333334,0.08247422680412371,0.8,0.043478260869565216,0.1050149179513433,0.6583695652173912,2.1069,94.925,6.17,1.0
49,eraser_movie_10_synonym_2_10,2,10,1.1676558256149292,0.5416666666666666,0.08333333333333333,1.0,0.043478260869565216,0.15207476616811838,0.7440217391304349,2.1112,94.734,6.158,1.0
21,eraser_movie_10_synonym_2_11,2,11,1.3402104377746582,0.53125,0.08163265306122448,0.6666666666666666,0.043478260869565216,0.06741052976458244,0.6257608695652174,2.0982,95.319,6.196,1.0
35,eraser_movie_10_synonym_2_12,2,12,1.2852258682250977,0.53125,0.06249999999999999,0.75,0.03260869565217391,0.07907887840742156,0.6294565217391304,2.0996,95.258,6.192,1.0
46,eraser_movie_10_synonym_2_13,2,13,1.2796238660812378,0.53125,0.09999999999999999,0.625,0.05434782608695652,0.06086956521739131,0.6509782608695652,2.1083,94.864,6.166,1.0
32,eraser_movie_10_synonym_2_14,2,14,1.323777675628662,0.5260416666666666,0.042105263157894736,0.6666666666666666,0.021739130434782608,0.04728662437434604,0.6277173913043478,2.0921,95.597,6.214,1.0
89,eraser_movie_10_synonym_2_15,2,15,1.0780531167984009,0.53125,0.06249999999999999,0.75,0.03260869565217391,0.07907887840742156,0.7160869565217391,2.1079,94.879,6.167,1.0
34,eraser_movie_10_synonym_2_16,2,16,1.3901023864746094,0.53125,0.09999999999999999,0.625,0.05434782608695652,0.06086956521739131,0.6444565217391305,2.1165,94.494,6.142,1.0
10,eraser_movie_10_synonym_2_17,2,17,1.311838984489441,0.5364583333333334,0.08247422680412371,0.8,0.043478260869565216,0.1050149179513433,0.6583695652173912,2.0983,95.314,6.195,1.0
70,eraser_movie_10_synonym_2_18,2,18,1.1676558256149292,0.5416666666666666,0.08333333333333333,1.0,0.043478260869565216,0.15207476616811838,0.7440217391304349,2.0853,95.911,6.234,1.0
12,eraser_movie_10_synonym_2_19,2,19,1.3402104377746582,0.53125,0.08163265306122448,0.6666666666666666,0.043478260869565216,0.06741052976458244,0.6257608695652174,2.1018,95.155,6.185,1.0
69,eraser_movie_10_synonym_5_0,5,0,1.3521170616149902,0.53125,0.042553191489361694,1.0,0.021739130434782608,0.10696563746013953,0.621195652173913,2.1152,94.553,6.146,1.0
87,eraser_movie_10_synonym_5_1,5,1,1.3294038772583008,0.53125,0.09999999999999999,0.625,0.05434782608695652,0.06086956521739131,0.6682608695652174,2.0837,95.985,6.239,1.0
9,eraser_movie_10_synonym_5_2,5,2,1.3284755945205688,0.5208333333333334,0.021276595744680847,0.5,0.010869565217391304,0.004278625498405581,0.6028260869565217,2.1142,94.598,6.149,1.0
57,eraser_movie_10_synonym_5_3,5,3,1.043790578842163,0.5364583333333334,0.08247422680412371,0.8,0.043478260869565216,0.1050149179513433,0.7289130434782609,2.1001,95.234,6.19,1.0
25,eraser_movie_10_synonym_5_4,5,4,1.378542423248291,0.5364583333333334,0.08247422680412371,0.8,0.043478260869565216,0.1050149179513433,0.6082608695652174,2.1048,95.021,6.176,1.0
83,eraser_movie_10_synonym_5_5,5,5,1.2596545219421387,0.5364583333333334,0.08247422680412371,0.8,0.043478260869565216,0.1050149179513433,0.6818478260869565,2.0865,95.856,6.231,1.0
98,eraser_movie_10_synonym_5_6,5,6,1.29342520236969,0.53125,0.06249999999999999,0.75,0.03260869565217391,0.07907887840742156,0.6433695652173913,2.1007,95.208,6.189,1.0
55,eraser_movie_10_synonym_5_7,5,7,1.29714035987854,0.5260416666666666,0.042105263157894736,0.6666666666666666,0.021739130434782608,0.04728662437434604,0.5932608695652174,2.1028,95.111,6.182,1.0
20,eraser_movie_10_synonym_5_8,5,8,1.3521170616149902,0.53125,0.042553191489361694,1.0,0.021739130434782608,0.10696563746013953,0.621195652173913,2.1029,95.106,6.182,1.0
3,eraser_movie_10_synonym_5_9,5,9,1.3294038772583008,0.53125,0.09999999999999999,0.625,0.05434782608695652,0.06086956521739131,0.6682608695652174,2.0826,96.032,6.242,1.0
53,eraser_movie_10_synonym_5_10,5,10,1.3284755945205688,0.5208333333333334,0.021276595744680847,0.5,0.010869565217391304,0.004278625498405581,0.6028260869565217,2.0993,95.268,6.192,1.0
91,eraser_movie_10_synonym_5_11,5,11,1.043790578842163,0.5364583333333334,0.08247422680412371,0.8,0.043478260869565216,0.1050149179513433,0.7289130434782609,2.1185,94.406,6.136,1.0
45,eraser_movie_10_synonym_5_12,5,12,1.378542423248291,0.5364583333333334,0.08247422680412371,0.8,0.043478260869565216,0.1050149179513433,0.6082608695652174,2.1013,95.18,6.187,1.0
42,eraser_movie_10_synonym_5_13,5,13,1.2596545219421387,0.5364583333333334,0.08247422680412371,0.8,0.043478260869565216,0.1050149179513433,0.6818478260869565,2.1198,94.35,6.133,1.0
60,eraser_movie_10_synonym_5_14,5,14,1.29342520236969,0.53125,0.06249999999999999,0.75,0.03260869565217391,0.07907887840742156,0.6433695652173913,2.1161,94.512,6.143,1.0
44,eraser_movie_10_synonym_5_15,5,15,1.29714035987854,0.5260416666666666,0.042105263157894736,0.6666666666666666,0.021739130434782608,0.04728662437434604,0.5932608695652174,2.0895,95.716,6.222,1.0
5,eraser_movie_10_synonym_5_16,5,16,1.3521170616149902,0.53125,0.042553191489361694,1.0,0.021739130434782608,0.10696563746013953,0.621195652173913,2.1102,94.779,6.161,1.0
15,eraser_movie_10_synonym_5_17,5,17,1.3294038772583008,0.53125,0.09999999999999999,0.625,0.05434782608695652,0.06086956521739131,0.6682608695652174,2.1127,94.664,6.153,1.0
88,eraser_movie_10_synonym_5_18,5,18,1.3284755945205688,0.5208333333333334,0.021276595744680847,0.5,0.010869565217391304,0.004278625498405581,0.6028260869565217,2.128,93.984,6.109,1.0
54,eraser_movie_10_synonym_5_19,5,19,1.043790578842163,0.5364583333333334,0.08247422680412371,0.8,0.043478260869565216,0.1050149179513433,0.7289130434782609,2.1163,94.506,6.143,1.0
19,eraser_movie_10_synonym_10_0,10,0,1.3557642698287964,0.53125,0.042553191489361694,1.0,0.021739130434782608,0.10696563746013953,0.6618478260869565,2.1035,95.081,6.18,1.0
95,eraser_movie_10_synonym_10_1,10,1,1.3557764291763306,0.5208333333333334,0.021276595744680847,0.5,0.010869565217391304,0.004278625498405581,0.6716304347826088,2.0999,95.241,6.191,1.0
63,eraser_movie_10_synonym_10_2,10,2,1.2601701021194458,0.5364583333333334,0.06315789473684211,1.0,0.03260869565217391,0.13135173437318343,0.7866304347826086,2.1185,94.404,6.136,1.0
48,eraser_movie_10_synonym_10_3,10,3,1.297668695449829,0.53125,0.042553191489361694,1.0,0.021739130434782608,0.10696563746013953,0.5976086956521738,2.0999,95.243,6.191,1.0
67,eraser_movie_10_synonym_10_4,10,4,1.2564159631729126,0.5260416666666666,0.02150537634408602,1.0,0.010869565217391304,0.07543786742456422,0.6916304347826087,2.1074,94.905,6.169,1.0
94,eraser_movie_10_synonym_10_5,10,5,1.356742024421692,0.53125,0.042553191489361694,1.0,0.021739130434782608,0.10696563746013953,0.6641304347826086,2.1119,94.699,6.155,1.0
38,eraser_movie_10_synonym_10_6,10,6,1.2651441097259521,0.53125,0.042553191489361694,1.0,0.021739130434782608,0.10696563746013953,0.7495652173913043,2.0966,95.392,6.2,1.0
11,eraser_movie_10_synonym_10_7,10,7,1.1112908124923706,0.53125,0.042553191489361694,1.0,0.021739130434782608,0.10696563746013953,0.6742391304347826,2.1025,95.124,6.183,1.0
6,eraser_movie_10_synonym_10_8,10,8,1.3557642698287964,0.53125,0.042553191489361694,1.0,0.021739130434782608,0.10696563746013953,0.6618478260869565,2.087,95.83,6.229,1.0
78,eraser_movie_10_synonym_10_9,10,9,1.3557764291763306,0.5208333333333334,0.021276595744680847,0.5,0.010869565217391304,0.004278625498405581,0.6716304347826088,2.0826,96.034,6.242,1.0
43,eraser_movie_10_synonym_10_10,10,10,1.2601701021194458,0.5364583333333334,0.06315789473684211,1.0,0.03260869565217391,0.13135173437318343,0.7866304347826086,2.0903,95.679,6.219,1.0
23,eraser_movie_10_synonym_10_11,10,11,1.297668695449829,0.53125,0.042553191489361694,1.0,0.021739130434782608,0.10696563746013953,0.5976086956521738,2.0853,95.912,6.234,1.0
74,eraser_movie_10_synonym_10_12,10,12,1.2564159631729126,0.5260416666666666,0.02150537634408602,1.0,0.010869565217391304,0.07543786742456422,0.6916304347826087,2.1093,94.818,6.163,1.0
64,eraser_movie_10_synonym_10_13,10,13,1.356742024421692,0.53125,0.042553191489361694,1.0,0.021739130434782608,0.10696563746013953,0.6641304347826086,2.1023,95.134,6.184,1.0
14,eraser_movie_10_synonym_10_14,10,14,1.2651441097259521,0.53125,0.042553191489361694,1.0,0.021739130434782608,0.10696563746013953,0.7495652173913043,2.1025,95.127,6.183,1.0
27,eraser_movie_10_synonym_10_15,10,15,1.1112908124923706,0.53125,0.042553191489361694,1.0,0.021739130434782608,0.10696563746013953,0.6742391304347826,2.108,94.875,6.167,1.0
79,eraser_movie_10_synonym_10_16,10,16,1.3557642698287964,0.53125,0.042553191489361694,1.0,0.021739130434782608,0.10696563746013953,0.6618478260869565,2.0998,95.245,6.191,1.0
8,eraser_movie_10_synonym_10_17,10,17,1.3557764291763306,0.5208333333333334,0.021276595744680847,0.5,0.010869565217391304,0.004278625498405581,0.6716304347826088,2.1149,94.565,6.147,1.0
30,eraser_movie_10_synonym_10_18,10,18,1.2601701021194458,0.5364583333333334,0.06315789473684211,1.0,0.03260869565217391,0.13135173437318343,0.7866304347826086,2.0929,95.56,6.211,1.0
90,eraser_movie_10_synonym_10_19,10,19,1.297668695449829,0.53125,0.042553191489361694,1.0,0.021739130434782608,0.10696563746013953,0.5976086956521738,2.103,95.102,6.182,1.0
71,eraser_movie_10_synonym_20_0,20,0,1.2833492755889893,0.5208333333333334,0.0,0.0,0.0,0.0,0.7943478260869564,2.0907,95.662,6.218,1.0
84,eraser_movie_10_synonym_20_1,20,1,1.336133360862732,0.5208333333333334,0.0,0.0,0.0,0.0,0.7071739130434782,2.1109,94.747,6.159,1.0
73,eraser_movie_10_synonym_20_2,20,2,1.2565747499465942,0.5208333333333334,0.0,0.0,0.0,0.0,0.7948913043478261,2.073,96.478,6.271,1.0
28,eraser_movie_10_synonym_20_3,20,3,1.1579095125198364,0.5260416666666666,0.02150537634408602,1.0,0.010869565217391304,0.07543786742456422,0.7564130434782609,2.0956,95.438,6.203,1.0
52,eraser_movie_10_synonym_20_4,20,4,1.3287156820297241,0.5208333333333334,0.0,0.0,0.0,0.0,0.7409782608695653,2.0909,95.653,6.217,1.0
22,eraser_movie_10_synonym_20_5,20,5,1.2888022661209106,0.5208333333333334,0.0,0.0,0.0,0.0,0.6818478260869565,2.0965,95.396,6.201,1.0
68,eraser_movie_10_synonym_20_6,20,6,1.3174723386764526,0.5208333333333334,0.0,0.0,0.0,0.0,0.8253260869565218,2.1186,94.404,6.136,1.0
50,eraser_movie_10_synonym_20_7,20,7,1.3072079420089722,0.5208333333333334,0.0,0.0,0.0,0.0,0.721195652173913,2.1092,94.824,6.164,1.0
80,eraser_movie_10_synonym_20_8,20,8,1.2833492755889893,0.5208333333333334,0.0,0.0,0.0,0.0,0.7943478260869564,2.1028,95.109,6.182,1.0
36,eraser_movie_10_synonym_20_9,20,9,1.336133360862732,0.5208333333333334,0.0,0.0,0.0,0.0,0.7071739130434782,2.0809,96.111,6.247,1.0
17,eraser_movie_10_synonym_20_10,20,10,1.2565747499465942,0.5208333333333334,0.0,0.0,0.0,0.0,0.7948913043478261,2.1174,94.457,6.14,1.0
51,eraser_movie_10_synonym_20_11,20,11,1.1579095125198364,0.5260416666666666,0.02150537634408602,1.0,0.010869565217391304,0.07543786742456422,0.7564130434782609,2.0925,95.578,6.213,1.0
41,eraser_movie_10_synonym_20_12,20,12,1.3287156820297241,0.5208333333333334,0.0,0.0,0.0,0.0,0.7409782608695653,2.1107,94.755,6.159,1.0
13,eraser_movie_10_synonym_20_13,20,13,1.2888022661209106,0.5208333333333334,0.0,0.0,0.0,0.0,0.6818478260869565,2.1142,94.597,6.149,1.0
18,eraser_movie_10_synonym_20_14,20,14,1.3174723386764526,0.5208333333333334,0.0,0.0,0.0,0.0,0.8253260869565218,2.1044,95.039,6.178,1.0
39,eraser_movie_10_synonym_20_15,20,15,1.3072079420089722,0.5208333333333334,0.0,0.0,0.0,0.0,0.721195652173913,2.1161,94.514,6.143,1.0
72,eraser_movie_10_synonym_20_16,20,16,1.2833492755889893,0.5208333333333334,0.0,0.0,0.0,0.0,0.7943478260869564,2.1023,95.133,6.184,1.0
40,eraser_movie_10_synonym_20_17,20,17,1.336133360862732,0.5208333333333334,0.0,0.0,0.0,0.0,0.7071739130434782,2.1006,95.209,6.189,1.0
47,eraser_movie_10_synonym_20_18,20,18,1.2565747499465942,0.5208333333333334,0.0,0.0,0.0,0.0,0.7948913043478261,2.1193,94.37,6.134,1.0
1,eraser_movie_10_synonym_20_19,20,19,1.1579095125198364,0.5260416666666666,0.02150537634408602,1.0,0.010869565217391304,0.07543786742456422,0.7564130434782609,2.1192,94.375,6.134,1.0
82,eraser_movie_10_synonym_1_0,1,0,1.25101637840271,0.5260416666666666,0.042105263157894736,0.6666666666666666,0.021739130434782608,0.04728662437434604,0.6704347826086956,1.969,101.574,6.602,2.0
93,eraser_movie_10_synonym_1_1,1,1,1.358145833015442,0.5260416666666666,0.042105263157894736,0.6666666666666666,0.021739130434782608,0.04728662437434604,0.6847826086956522,1.9772,101.154,6.575,2.0
96,eraser_movie_10_synonym_1_2,1,2,1.2210825681686401,0.53125,0.06249999999999999,0.75,0.03260869565217391,0.07907887840742156,0.6763043478260868,1.9929,100.358,6.523,2.0
77,eraser_movie_10_synonym_1_3,1,3,1.2261642217636108,0.53125,0.06249999999999999,0.75,0.03260869565217391,0.07907887840742156,0.7844565217391305,1.9755,101.241,6.581,2.0
92,eraser_movie_10_synonym_1_4,1,4,1.2839713096618652,0.5260416666666666,0.042105263157894736,0.6666666666666666,0.021739130434782608,0.04728662437434604,0.6889130434782609,1.9783,101.098,6.571,2.0
31,eraser_movie_10_synonym_1_5,1,5,1.361806869506836,0.53125,0.06249999999999999,0.75,0.03260869565217391,0.07907887840742156,0.6815217391304349,1.9783,101.099,6.571,2.0
58,eraser_movie_10_synonym_1_6,1,6,1.1670926809310913,0.5520833333333334,0.12244897959183672,1.0,0.06521739130434782,0.18725147156828456,0.7434782608695653,1.9815,100.933,6.561,2.0
99,eraser_movie_10_synonym_1_7,1,7,1.2161506414413452,0.53125,0.06249999999999999,0.75,0.03260869565217391,0.07907887840742156,0.6443478260869565,1.976,101.216,6.579,2.0
29,eraser_movie_10_synonym_1_8,1,8,1.2320283651351929,0.53125,0.09999999999999999,0.625,0.05434782608695652,0.06086956521739131,0.6594565217391305,1.9707,101.485,6.597,2.0
97,eraser_movie_10_synonym_1_9,1,9,1.1996797323226929,0.5416666666666666,0.13725490196078433,0.7,0.07608695652173914,0.10361824896875171,0.6798913043478261,1.9893,100.538,6.535,2.0
66,eraser_movie_10_synonym_1_10,1,10,1.2130686044692993,0.5208333333333334,0.021276595744680847,0.5,0.010869565217391304,0.004278625498405581,0.6595652173913045,1.9754,101.247,6.581,2.0
24,eraser_movie_10_synonym_1_11,1,11,1.203168511390686,0.5520833333333334,0.12244897959183672,1.0,0.06521739130434782,0.18725147156828456,0.6913043478260869,1.9811,100.954,6.562,2.0
59,eraser_movie_10_synonym_1_12,1,12,1.298978328704834,0.5260416666666666,0.042105263157894736,0.6666666666666666,0.021739130434782608,0.04728662437434604,0.672391304347826,1.9661,101.726,6.612,2.0
81,eraser_movie_10_synonym_1_13,1,13,1.1369246244430542,0.53125,0.06249999999999999,0.75,0.03260869565217391,0.07907887840742156,0.6471739130434782,1.9855,100.729,6.547,2.0
16,eraser_movie_10_synonym_1_14,1,14,1.3647464513778687,0.53125,0.06249999999999999,0.75,0.03260869565217391,0.07907887840742156,0.7229347826086957,2.0029,99.854,6.49,2.0
4,eraser_movie_10_synonym_1_15,1,15,1.2161506414413452,0.53125,0.06249999999999999,0.75,0.03260869565217391,0.07907887840742156,0.6443478260869565,1.9709,101.476,6.596,2.0
62,eraser_movie_10_synonym_1_16,1,16,1.2320283651351929,0.53125,0.09999999999999999,0.625,0.05434782608695652,0.06086956521739131,0.6594565217391305,1.9819,100.915,6.559,2.0
7,eraser_movie_10_synonym_1_17,1,17,1.1996797323226929,0.5416666666666666,0.13725490196078433,0.7,0.07608695652173914,0.10361824896875171,0.6798913043478261,2.0041,99.795,6.487,2.0
26,eraser_movie_10_synonym_1_18,1,18,1.2130686044692993,0.5208333333333334,0.021276595744680847,0.5,0.010869565217391304,0.004278625498405581,0.6595652173913045,1.9658,101.741,6.613,2.0
56,eraser_movie_10_synonym_1_19,1,19,1.203168511390686,0.5520833333333334,0.12244897959183672,1.0,0.06521739130434782,0.18725147156828456,0.6913043478260869,1.9704,101.503,6.598,2.0
75,eraser_movie_10_synonym_2_0,2,0,1.294115424156189,0.5260416666666666,0.042105263157894736,0.6666666666666666,0.021739130434782608,0.04728662437434604,0.6573913043478261,1.9632,101.874,6.622,2.0
65,eraser_movie_10_synonym_2_1,2,1,1.1335874795913696,0.53125,0.06249999999999999,0.75,0.03260869565217391,0.07907887840742156,0.6819565217391305,1.976,101.216,6.579,2.0
86,eraser_movie_10_synonym_2_2,2,2,1.4469152688980103,0.5260416666666666,0.042105263157894736,0.6666666666666666,0.021739130434782608,0.04728662437434604,0.6880434782608696,1.9615,101.963,6.628,2.0
0,eraser_movie_10_synonym_2_3,2,3,1.2210015058517456,0.53125,0.06249999999999999,0.75,0.03260869565217391,0.07907887840742156,0.6634782608695652,1.949,102.619,6.67,2.0
37,eraser_movie_10_synonym_2_4,2,4,1.1987239122390747,0.5416666666666666,0.1020408163265306,0.8333333333333334,0.05434782608695652,0.1273310006664335,0.6869565217391305,1.98,101.008,6.566,2.0
76,eraser_movie_10_synonym_2_5,2,5,1.4134989976882935,0.5260416666666666,0.06185567010309278,0.6,0.03260869565217391,0.03955107299466176,0.6994565217391304,1.9928,100.359,6.523,2.0
2,eraser_movie_10_synonym_2_6,2,6,1.2339774370193481,0.5260416666666666,0.042105263157894736,0.6666666666666666,0.021739130434782608,0.04728662437434604,0.6417391304347826,1.9774,101.142,6.574,2.0
33,eraser_movie_10_synonym_2_7,2,7,1.2165387868881226,0.5364583333333334,0.06315789473684211,1.0,0.03260869565217391,0.13135173437318343,0.6730434782608695,1.9649,101.788,6.616,2.0
85,eraser_movie_10_synonym_2_8,2,8,1.294115424156189,0.5260416666666666,0.042105263157894736,0.6666666666666666,0.021739130434782608,0.04728662437434604,0.6573913043478261,1.9682,101.613,6.605,2.0
61,eraser_movie_10_synonym_2_9,2,9,1.1335874795913696,0.53125,0.06249999999999999,0.75,0.03260869565217391,0.07907887840742156,0.6819565217391305,1.962,101.937,6.626,2.0
49,eraser_movie_10_synonym_2_10,2,10,1.4469152688980103,0.5260416666666666,0.042105263157894736,0.6666666666666666,0.021739130434782608,0.04728662437434604,0.6880434782608696,1.9645,101.809,6.618,2.0
21,eraser_movie_10_synonym_2_11,2,11,1.2210015058517456,0.53125,0.06249999999999999,0.75,0.03260869565217391,0.07907887840742156,0.6634782608695652,1.9633,101.869,6.622,2.0
35,eraser_movie_10_synonym_2_12,2,12,1.1987239122390747,0.5416666666666666,0.1020408163265306,0.8333333333333334,0.05434782608695652,0.1273310006664335,0.6869565217391305,1.9798,101.019,6.566,2.0
46,eraser_movie_10_synonym_2_13,2,13,1.4134989976882935,0.5260416666666666,0.06185567010309278,0.6,0.03260869565217391,0.03955107299466176,0.6994565217391304,1.9985,100.075,6.505,2.0
32,eraser_movie_10_synonym_2_14,2,14,1.2339774370193481,0.5260416666666666,0.042105263157894736,0.6666666666666666,0.021739130434782608,0.04728662437434604,0.6417391304347826,1.9663,101.713,6.611,2.0
89,eraser_movie_10_synonym_2_15,2,15,1.2165387868881226,0.5364583333333334,0.06315789473684211,1.0,0.03260869565217391,0.13135173437318343,0.6730434782608695,1.977,101.164,6.576,2.0
34,eraser_movie_10_synonym_2_16,2,16,1.294115424156189,0.5260416666666666,0.042105263157894736,0.6666666666666666,0.021739130434782608,0.04728662437434604,0.6573913043478261,1.9735,101.34,6.587,2.0
10,eraser_movie_10_synonym_2_17,2,17,1.1335874795913696,0.53125,0.06249999999999999,0.75,0.03260869565217391,0.07907887840742156,0.6819565217391305,1.9816,100.929,6.56,2.0
70,eraser_movie_10_synonym_2_18,2,18,1.4469152688980103,0.5260416666666666,0.042105263157894736,0.6666666666666666,0.021739130434782608,0.04728662437434604,0.6880434782608696,1.969,101.572,6.602,2.0
12,eraser_movie_10_synonym_2_19,2,19,1.2210015058517456,0.53125,0.06249999999999999,0.75,0.03260869565217391,0.07907887840742156,0.6634782608695652,1.9823,100.895,6.558,2.0
69,eraser_movie_10_synonym_5_0,5,0,1.164325475692749,0.5364583333333334,0.06315789473684211,1.0,0.03260869565217391,0.13135173437318343,0.6869565217391304,1.9705,101.497,6.597,2.0
87,eraser_movie_10_synonym_5_1,5,1,1.2558505535125732,0.546875,0.10309278350515463,1.0,0.05434782608695652,0.17047876290802483,0.6617391304347825,1.9629,101.892,6.623,2.0
9,eraser_movie_10_synonym_5_2,5,2,1.245121717453003,0.53125,0.042553191489361694,1.0,0.021739130434782608,0.10696563746013953,0.6582608695652172,1.9882,100.593,6.539,2.0
57,eraser_movie_10_synonym_5_3,5,3,1.3023412227630615,0.5416666666666666,0.08333333333333333,1.0,0.043478260869565216,0.15207476616811838,0.6552173913043478,1.9824,100.888,6.558,2.0
25,eraser_movie_10_synonym_5_4,5,4,1.2929641008377075,0.53125,0.042553191489361694,1.0,0.021739130434782608,0.10696563746013953,0.641195652173913,1.9626,101.905,6.624,2.0
83,eraser_movie_10_synonym_5_5,5,5,1.171378254890442,0.53125,0.06249999999999999,0.75,0.03260869565217391,0.07907887840742156,0.6619565217391304,1.9761,101.207,6.578,2.0
98,eraser_movie_10_synonym_5_6,5,6,1.3992468118667603,0.53125,0.06249999999999999,0.75,0.03260869565217391,0.07907887840742156,0.6680434782608696,1.9813,100.942,6.561,2.0
55,eraser_movie_10_synonym_5_7,5,7,1.127996802330017,0.5260416666666666,0.02150537634408602,1.0,0.010869565217391304,0.07543786742456422,0.6430434782608695,1.9781,101.109,6.572,2.0
20,eraser_movie_10_synonym_5_8,5,8,1.164325475692749,0.5364583333333334,0.06315789473684211,1.0,0.03260869565217391,0.13135173437318343,0.6869565217391304,1.9693,101.556,6.601,2.0
3,eraser_movie_10_synonym_5_9,5,9,1.2558505535125732,0.546875,0.10309278350515463,1.0,0.05434782608695652,0.17047876290802483,0.6617391304347825,1.9744,101.294,6.584,2.0
53,eraser_movie_10_synonym_5_10,5,10,1.245121717453003,0.53125,0.042553191489361694,1.0,0.021739130434782608,0.10696563746013953,0.6582608695652172,1.9604,102.02,6.631,2.0
91,eraser_movie_10_synonym_5_11,5,11,1.3023412227630615,0.5416666666666666,0.08333333333333333,1.0,0.043478260869565216,0.15207476616811838,0.6552173913043478,1.9728,101.379,6.59,2.0
45,eraser_movie_10_synonym_5_12,5,12,1.2929641008377075,0.53125,0.042553191489361694,1.0,0.021739130434782608,0.10696563746013953,0.641195652173913,1.9688,101.587,6.603,2.0
42,eraser_movie_10_synonym_5_13,5,13,1.171378254890442,0.53125,0.06249999999999999,0.75,0.03260869565217391,0.07907887840742156,0.6619565217391304,1.9752,101.255,6.582,2.0
60,eraser_movie_10_synonym_5_14,5,14,1.3992468118667603,0.53125,0.06249999999999999,0.75,0.03260869565217391,0.07907887840742156,0.6680434782608696,1.9749,101.272,6.583,2.0
44,eraser_movie_10_synonym_5_15,5,15,1.127996802330017,0.5260416666666666,0.02150537634408602,1.0,0.010869565217391304,0.07543786742456422,0.6430434782608695,1.9729,101.375,6.589,2.0
5,eraser_movie_10_synonym_5_16,5,16,1.164325475692749,0.5364583333333334,0.06315789473684211,1.0,0.03260869565217391,0.13135173437318343,0.6869565217391304,1.9868,100.662,6.543,2.0
15,eraser_movie_10_synonym_5_17,5,17,1.2558505535125732,0.546875,0.10309278350515463,1.0,0.05434782608695652,0.17047876290802483,0.6617391304347825,1.9883,100.589,6.538,2.0
88,eraser_movie_10_synonym_5_18,5,18,1.245121717453003,0.53125,0.042553191489361694,1.0,0.021739130434782608,0.10696563746013953,0.6582608695652172,1.9929,100.358,6.523,2.0
54,eraser_movie_10_synonym_5_19,5,19,1.3023412227630615,0.5416666666666666,0.08333333333333333,1.0,0.043478260869565216,0.15207476616811838,0.6552173913043478,1.9657,101.743,6.613,2.0
19,eraser_movie_10_synonym_10_0,10,0,1.1875817775726318,0.53125,0.042553191489361694,1.0,0.021739130434782608,0.10696563746013953,0.6478260869565218,1.9704,101.504,6.598,2.0
95,eraser_movie_10_synonym_10_1,10,1,1.198709487915039,0.5260416666666666,0.02150537634408602,1.0,0.010869565217391304,0.07543786742456422,0.6479347826086957,1.9871,100.65,6.542,2.0
63,eraser_movie_10_synonym_10_2,10,2,1.636345386505127,0.5364583333333334,0.06315789473684211,1.0,0.03260869565217391,0.13135173437318343,0.7121739130434782,1.9692,101.562,6.602,2.0
48,eraser_movie_10_synonym_10_3,10,3,1.1877917051315308,0.5260416666666666,0.02150537634408602,1.0,0.010869565217391304,0.07543786742456422,0.6568478260869566,1.9777,101.127,6.573,2.0
67,eraser_movie_10_synonym_10_4,10,4,1.1585758924484253,0.53125,0.042553191489361694,1.0,0.021739130434782608,0.10696563746013953,0.7461956521739129,1.992,100.401,6.526,2.0
94,eraser_movie_10_synonym_10_5,10,5,1.5014971494674683,0.53125,0.042553191489361694,1.0,0.021739130434782608,0.10696563746013953,0.7129347826086958,1.9793,101.045,6.568,2.0
38,eraser_movie_10_synonym_10_6,10,6,1.1554111242294312,0.5364583333333334,0.06315789473684211,1.0,0.03260869565217391,0.13135173437318343,0.698804347826087,1.9743,101.299,6.584,2.0
11,eraser_movie_10_synonym_10_7,10,7,1.7075010538101196,0.5260416666666666,0.02150537634408602,1.0,0.010869565217391304,0.07543786742456422,0.7194565217391303,1.9857,100.721,6.547,2.0
6,eraser_movie_10_synonym_10_8,10,8,1.1875817775726318,0.53125,0.042553191489361694,1.0,0.021739130434782608,0.10696563746013953,0.6478260869565218,1.9978,100.109,6.507,2.0
78,eraser_movie_10_synonym_10_9,10,9,1.198709487915039,0.5260416666666666,0.02150537634408602,1.0,0.010869565217391304,0.07543786742456422,0.6479347826086957,1.9694,101.555,6.601,2.0
43,eraser_movie_10_synonym_10_10,10,10,1.636345386505127,0.5364583333333334,0.06315789473684211,1.0,0.03260869565217391,0.13135173437318343,0.7121739130434782,1.9885,100.578,6.538,2.0
23,eraser_movie_10_synonym_10_11,10,11,1.1877917051315308,0.5260416666666666,0.02150537634408602,1.0,0.010869565217391304,0.07543786742456422,0.6568478260869566,1.9834,100.834,6.554,2.0
74,eraser_movie_10_synonym_10_12,10,12,1.1585758924484253,0.53125,0.042553191489361694,1.0,0.021739130434782608,0.10696563746013953,0.7461956521739129,1.9816,100.929,6.56,2.0
64,eraser_movie_10_synonym_10_13,10,13,1.5014971494674683,0.53125,0.042553191489361694,1.0,0.021739130434782608,0.10696563746013953,0.7129347826086958,1.9626,101.908,6.624,2.0
14,eraser_movie_10_synonym_10_14,10,14,1.1554111242294312,0.5364583333333334,0.06315789473684211,1.0,0.03260869565217391,0.13135173437318343,0.698804347826087,1.9861,100.702,6.546,2.0
27,eraser_movie_10_synonym_10_15,10,15,1.7075010538101196,0.5260416666666666,0.02150537634408602,1.0,0.010869565217391304,0.07543786742456422,0.7194565217391303,1.9625,101.912,6.624,2.0
79,eraser_movie_10_synonym_10_16,10,16,1.1875817775726318,0.53125,0.042553191489361694,1.0,0.021739130434782608,0.10696563746013953,0.6478260869565218,1.9917,100.417,6.527,2.0
8,eraser_movie_10_synonym_10_17,10,17,1.198709487915039,0.5260416666666666,0.02150537634408602,1.0,0.010869565217391304,0.07543786742456422,0.6479347826086957,2.0006,99.969,6.498,2.0
30,eraser_movie_10_synonym_10_18,10,18,1.636345386505127,0.5364583333333334,0.06315789473684211,1.0,0.03260869565217391,0.13135173437318343,0.7121739130434782,1.965,101.779,6.616,2.0
90,eraser_movie_10_synonym_10_19,10,19,1.1877917051315308,0.5260416666666666,0.02150537634408602,1.0,0.010869565217391304,0.07543786742456422,0.6568478260869566,1.9968,100.16,6.51,2.0
71,eraser_movie_10_synonym_20_0,20,0,1.2104957103729248,0.5364583333333334,0.06315789473684211,1.0,0.03260869565217391,0.13135173437318343,0.7011956521739131,1.9876,100.622,6.54,2.0
84,eraser_movie_10_synonym_20_1,20,1,1.4586657285690308,0.5208333333333334,0.0,0.0,0.0,0.0,0.7189130434782609,1.9725,101.392,6.591,2.0
73,eraser_movie_10_synonym_20_2,20,2,1.3061023950576782,0.5260416666666666,0.02150537634408602,1.0,0.010869565217391304,0.07543786742456422,0.7066304347826088,1.9792,101.053,6.568,2.0
28,eraser_movie_10_synonym_20_3,20,3,1.3434699773788452,0.5260416666666666,0.02150537634408602,1.0,0.010869565217391304,0.07543786742456422,0.6966304347826087,1.9856,100.726,6.547,2.0
52,eraser_movie_10_synonym_20_4,20,4,1.3852084875106812,0.5260416666666666,0.02150537634408602,1.0,0.010869565217391304,0.07543786742456422,0.6808695652173913,2.001,99.951,6.497,2.0
22,eraser_movie_10_synonym_20_5,20,5,1.2583562135696411,0.5208333333333334,0.0,0.0,0.0,0.0,0.7230434782608696,1.9672,101.669,6.608,2.0
68,eraser_movie_10_synonym_20_6,20,6,1.439572811126709,0.5208333333333334,0.0,0.0,0.0,0.0,0.7217391304347827,1.9549,102.305,6.65,2.0
50,eraser_movie_10_synonym_20_7,20,7,1.2525285482406616,0.5208333333333334,0.0,0.0,0.0,0.0,0.6719565217391305,1.9736,101.34,6.587,2.0
80,eraser_movie_10_synonym_20_8,20,8,1.2104957103729248,0.5364583333333334,0.06315789473684211,1.0,0.03260869565217391,0.13135173437318343,0.7011956521739131,1.9866,100.672,6.544,2.0
36,eraser_movie_10_synonym_20_9,20,9,1.4586657285690308,0.5208333333333334,0.0,0.0,0.0,0.0,0.7189130434782609,1.9756,101.234,6.58,2.0
17,eraser_movie_10_synonym_20_10,20,10,1.3061023950576782,0.5260416666666666,0.02150537634408602,1.0,0.010869565217391304,0.07543786742456422,0.7066304347826088,1.9889,100.559,6.536,2.0
51,eraser_movie_10_synonym_20_11,20,11,1.3434699773788452,0.5260416666666666,0.02150537634408602,1.0,0.010869565217391304,0.07543786742456422,0.6966304347826087,1.9806,100.979,6.564,2.0
41,eraser_movie_10_synonym_20_12,20,12,1.3852084875106812,0.5260416666666666,0.02150537634408602,1.0,0.010869565217391304,0.07543786742456422,0.6808695652173913,1.9983,100.086,6.506,2.0
13,eraser_movie_10_synonym_20_13,20,13,1.2583562135696411,0.5208333333333334,0.0,0.0,0.0,0.0,0.7230434782608696,1.9748,101.275,6.583,2.0
18,eraser_movie_10_synonym_20_14,20,14,1.439572811126709,0.5208333333333334,0.0,0.0,0.0,0.0,0.7217391304347827,1.9758,101.225,6.58,2.0
39,eraser_movie_10_synonym_20_15,20,15,1.2525285482406616,0.5208333333333334,0.0,0.0,0.0,0.0,0.6719565217391305,1.9872,100.645,6.542,2.0
72,eraser_movie_10_synonym_20_16,20,16,1.2104957103729248,0.5364583333333334,0.06315789473684211,1.0,0.03260869565217391,0.13135173437318343,0.7011956521739131,1.9686,101.598,6.604,2.0
40,eraser_movie_10_synonym_20_17,20,17,1.4586657285690308,0.5208333333333334,0.0,0.0,0.0,0.0,0.7189130434782609,1.9958,100.209,6.514,2.0
47,eraser_movie_10_synonym_20_18,20,18,1.3061023950576782,0.5260416666666666,0.02150537634408602,1.0,0.010869565217391304,0.07543786742456422,0.7066304347826088,1.9994,100.031,6.502,2.0
1,eraser_movie_10_synonym_20_19,20,19,1.3434699773788452,0.5260416666666666,0.02150537634408602,1.0,0.010869565217391304,0.07543786742456422,0.6966304347826087,1.9916,100.42,6.527,2.0
82,eraser_movie_10_synonym_1_0,1,0,0.9644143581390381,0.6302083333333334,0.4227642276422764,0.8387096774193549,0.2826086956521739,0.3158101433188173,0.7884782608695652,2.0326,98.396,6.396,3.0
93,eraser_movie_10_synonym_1_1,1,1,1.1799386739730835,0.6145833333333334,0.3392857142857143,0.95,0.20652173913043478,0.3213847691919362,0.7683695652173912,2.0503,97.546,6.341,3.0
96,eraser_movie_10_synonym_1_2,1,2,1.2350187301635742,0.546875,0.17142857142857143,0.6923076923076923,0.09782608695652174,0.11497926470052831,0.6494565217391304,2.0218,98.923,6.43,3.0
77,eraser_movie_10_synonym_1_3,1,3,1.2875804901123047,0.5625,0.22222222222222218,0.75,0.13043478260869565,0.1634605995001022,0.744891304347826,2.0536,97.39,6.33,3.0
92,eraser_movie_10_synonym_1_4,1,4,1.2343876361846924,0.53125,0.06249999999999999,0.75,0.03260869565217391,0.07907887840742156,0.6727173913043478,2.0574,97.211,6.319,3.0
31,eraser_movie_10_synonym_1_5,1,5,1.630954384803772,0.6354166666666666,0.3859649122807018,1.0,0.2391304347826087,0.3750532783976547,0.7945652173913044,2.0501,97.554,6.341,3.0
58,eraser_movie_10_synonym_1_6,1,6,1.11256742477417,0.6614583333333334,0.45378151260504207,1.0,0.29347826086956524,0.42174116783664994,0.881195652173913,2.0562,97.265,6.322,3.0
99,eraser_movie_10_synonym_1_7,1,7,1.2255438566207886,0.53125,0.06249999999999999,0.75,0.03260869565217391,0.07907887840742156,0.719891304347826,2.0521,97.46,6.335,3.0
29,eraser_movie_10_synonym_1_8,1,8,1.2761974334716797,0.5729166666666666,0.21153846153846156,0.9166666666666666,0.11956521739130435,0.2261203988644295,0.8088043478260869,2.0479,97.662,6.348,3.0
97,eraser_movie_10_synonym_1_9,1,9,1.395182728767395,0.5104166666666666,0.06,0.375,0.03260869565217391,-0.043478260869565216,0.6766304347826086,2.0501,97.556,6.341,3.0
66,eraser_movie_10_synonym_1_10,1,10,1.312447190284729,0.5260416666666666,0.042105263157894736,0.6666666666666666,0.021739130434782608,0.04728662437434604,0.6343478260869565,2.0435,97.871,6.362,3.0
24,eraser_movie_10_synonym_1_11,1,11,1.4631723165512085,0.5260416666666666,0.042105263157894736,0.6666666666666666,0.021739130434782608,0.04728662437434604,0.6881521739130435,2.0536,97.392,6.33,3.0
59,eraser_movie_10_synonym_1_12,1,12,1.2807074785232544,0.53125,0.06249999999999999,0.75,0.03260869565217391,0.07907887840742156,0.6511956521739131,2.0432,97.884,6.362,3.0
81,eraser_movie_10_synonym_1_13,1,13,1.012186884880066,0.5729166666666666,0.24074074074074076,0.8125,0.14130434782608695,0.20118227630781807,0.7181521739130434,2.036,98.233,6.385,3.0
16,eraser_movie_10_synonym_1_14,1,14,1.1463383436203003,0.5364583333333334,0.11881188118811882,0.6666666666666666,0.06521739130434782,0.08323467669267418,0.6857608695652173,2.0615,97.019,6.306,3.0
4,eraser_movie_10_synonym_1_15,1,15,1.2255438566207886,0.53125,0.06249999999999999,0.75,0.03260869565217391,0.07907887840742156,0.719891304347826,2.0766,96.312,6.26,3.0
62,eraser_movie_10_synonym_1_16,1,16,1.2761974334716797,0.5729166666666666,0.21153846153846156,0.9166666666666666,0.11956521739130435,0.2261203988644295,0.8088043478260869,2.0462,97.742,6.353,3.0
7,eraser_movie_10_synonym_1_17,1,17,1.395182728767395,0.5104166666666666,0.06,0.375,0.03260869565217391,-0.043478260869565216,0.6766304347826086,2.0457,97.767,6.355,3.0
26,eraser_movie_10_synonym_1_18,1,18,1.312447190284729,0.5260416666666666,0.042105263157894736,0.6666666666666666,0.021739130434782608,0.04728662437434604,0.6343478260869565,2.0555,97.299,6.324,3.0
56,eraser_movie_10_synonym_1_19,1,19,1.4631723165512085,0.5260416666666666,0.042105263157894736,0.6666666666666666,0.021739130434782608,0.04728662437434604,0.6881521739130435,2.0416,97.963,6.368,3.0
75,eraser_movie_10_synonym_2_0,2,0,1.3469749689102173,0.5208333333333334,0.041666666666666664,0.5,0.021739130434782608,0.006082990646724735,0.5695652173913044,2.0669,96.764,6.29,3.0
65,eraser_movie_10_synonym_2_1,2,1,1.086875557899475,0.5416666666666666,0.1020408163265306,0.8333333333333334,0.05434782608695652,0.1273310006664335,0.6980434782608695,2.0476,97.674,6.349,3.0
86,eraser_movie_10_synonym_2_2,2,2,1.2645139694213867,0.5625,0.20754716981132076,0.7857142857142857,0.11956521739130435,0.17209144412382593,0.7346739130434783,2.057,97.228,6.32,3.0
0,eraser_movie_10_synonym_2_3,2,3,1.2700303792953491,0.5260416666666666,0.042105263157894736,0.6666666666666666,0.021739130434782608,0.04728662437434604,0.6793478260869565,2.0256,98.736,6.418,3.0
37,eraser_movie_10_synonym_2_4,2,4,1.301644206047058,0.5260416666666666,0.042105263157894736,0.6666666666666666,0.021739130434782608,0.04728662437434604,0.7090217391304348,2.0606,97.059,6.309,3.0
76,eraser_movie_10_synonym_2_5,2,5,1.4982099533081055,0.515625,0.041237113402061855,0.4,0.021739130434782608,-0.025912771962019777,0.6658695652173914,2.0503,97.546,6.34,3.0
2,eraser_movie_10_synonym_2_6,2,6,1.380864143371582,0.5260416666666666,0.042105263157894736,0.6666666666666666,0.021739130434782608,0.04728662437434604,0.6196739130434783,2.0491,97.605,6.344,3.0
33,eraser_movie_10_synonym_2_7,2,7,1.6405569314956665,0.53125,0.042553191489361694,1.0,0.021739130434782608,0.10696563746013953,0.6717391304347826,2.046,97.754,6.354,3.0
85,eraser_movie_10_synonym_2_8,2,8,1.3469749689102173,0.5208333333333334,0.041666666666666664,0.5,0.021739130434782608,0.006082990646724735,0.5695652173913044,2.0334,98.357,6.393,3.0
61,eraser_movie_10_synonym_2_9,2,9,1.086875557899475,0.5416666666666666,0.1020408163265306,0.8333333333333334,0.05434782608695652,0.1273310006664335,0.6980434782608695,2.042,97.943,6.366,3.0
49,eraser_movie_10_synonym_2_10,2,10,1.2645139694213867,0.5625,0.20754716981132076,0.7857142857142857,0.11956521739130435,0.17209144412382593,0.7346739130434783,2.0416,97.962,6.368,3.0
21,eraser_movie_10_synonym_2_11,2,11,1.2700303792953491,0.5260416666666666,0.042105263157894736,0.6666666666666666,0.021739130434782608,0.04728662437434604,0.6793478260869565,2.0429,97.901,6.364,3.0
35,eraser_movie_10_synonym_2_12,2,12,1.301644206047058,0.5260416666666666,0.042105263157894736,0.6666666666666666,0.021739130434782608,0.04728662437434604,0.7090217391304348,2.0692,96.655,6.283,3.0
46,eraser_movie_10_synonym_2_13,2,13,1.4982099533081055,0.515625,0.041237113402061855,0.4,0.021739130434782608,-0.025912771962019777,0.6658695652173914,2.0446,97.819,6.358,3.0
32,eraser_movie_10_synonym_2_14,2,14,1.380864143371582,0.5260416666666666,0.042105263157894736,0.6666666666666666,0.021739130434782608,0.04728662437434604,0.6196739130434783,2.0559,97.282,6.323,3.0
89,eraser_movie_10_synonym_2_15,2,15,1.6405569314956665,0.53125,0.042553191489361694,1.0,0.021739130434782608,0.10696563746013953,0.6717391304347826,2.0474,97.685,6.349,3.0
34,eraser_movie_10_synonym_2_16,2,16,1.3469749689102173,0.5208333333333334,0.041666666666666664,0.5,0.021739130434782608,0.006082990646724735,0.5695652173913044,2.0654,96.836,6.294,3.0
10,eraser_movie_10_synonym_2_17,2,17,1.086875557899475,0.5416666666666666,0.1020408163265306,0.8333333333333334,0.05434782608695652,0.1273310006664335,0.6980434782608695,2.0495,97.587,6.343,3.0
70,eraser_movie_10_synonym_2_18,2,18,1.2645139694213867,0.5625,0.20754716981132076,0.7857142857142857,0.11956521739130435,0.17209144412382593,0.7346739130434783,2.0625,96.971,6.303,3.0
12,eraser_movie_10_synonym_2_19,2,19,1.2700303792953491,0.5260416666666666,0.042105263157894736,0.6666666666666666,0.021739130434782608,0.04728662437434604,0.6793478260869565,2.0468,97.713,6.351,3.0
69,eraser_movie_10_synonym_5_0,5,0,1.3142675161361694,0.53125,0.08163265306122448,0.6666666666666666,0.043478260869565216,0.06741052976458244,0.7517391304347827,2.0427,97.91,6.364,3.0
87,eraser_movie_10_synonym_5_1,5,1,1.3222914934158325,0.5260416666666666,0.042105263157894736,0.6666666666666666,0.021739130434782608,0.04728662437434604,0.677391304347826,2.0399,98.045,6.373,3.0
9,eraser_movie_10_synonym_5_2,5,2,1.26558256149292,0.5364583333333334,0.06315789473684211,1.0,0.03260869565217391,0.13135173437318343,0.6697826086956521,2.0655,96.827,6.294,3.0
57,eraser_movie_10_synonym_5_3,5,3,1.5143957138061523,0.53125,0.042553191489361694,1.0,0.021739130434782608,0.10696563746013953,0.692608695652174,2.0466,97.723,6.352,3.0
25,eraser_movie_10_synonym_5_4,5,4,1.1216139793395996,0.5572916666666666,0.2201834862385321,0.7058823529411765,0.13043478260869565,0.14144718898138056,0.6826086956521739,2.0742,96.424,6.268,3.0
83,eraser_movie_10_synonym_5_5,5,5,1.285069227218628,0.5364583333333334,0.101010101010101,0.7142857142857143,0.05434782608695652,0.09154998652962187,0.7023913043478262,2.0729,96.482,6.271,3.0
98,eraser_movie_10_synonym_5_6,5,6,1.1466459035873413,0.53125,0.09999999999999999,0.625,0.05434782608695652,0.06086956521739131,0.7618478260869564,2.0489,97.613,6.345,3.0
55,eraser_movie_10_synonym_5_7,5,7,1.260876178741455,0.5364583333333334,0.08247422680412371,0.8,0.043478260869565216,0.1050149179513433,0.7109782608695653,2.0412,97.981,6.369,3.0
20,eraser_movie_10_synonym_5_8,5,8,1.3142675161361694,0.53125,0.08163265306122448,0.6666666666666666,0.043478260869565216,0.06741052976458244,0.7517391304347827,2.0473,97.69,6.35,3.0
3,eraser_movie_10_synonym_5_9,5,9,1.3222914934158325,0.5260416666666666,0.042105263157894736,0.6666666666666666,0.021739130434782608,0.04728662437434604,0.677391304347826,2.0572,97.219,6.319,3.0
53,eraser_movie_10_synonym_5_10,5,10,1.26558256149292,0.5364583333333334,0.06315789473684211,1.0,0.03260869565217391,0.13135173437318343,0.6697826086956521,2.0535,97.396,6.331,3.0
91,eraser_movie_10_synonym_5_11,5,11,1.5143957138061523,0.53125,0.042553191489361694,1.0,0.021739130434782608,0.10696563746013953,0.692608695652174,2.0328,98.385,6.395,3.0
45,eraser_movie_10_synonym_5_12,5,12,1.1216139793395996,0.5572916666666666,0.2201834862385321,0.7058823529411765,0.13043478260869565,0.14144718898138056,0.6826086956521739,2.0536,97.39,6.33,3.0
42,eraser_movie_10_synonym_5_13,5,13,1.285069227218628,0.5364583333333334,0.101010101010101,0.7142857142857143,0.05434782608695652,0.09154998652962187,0.7023913043478262,2.0499,97.564,6.342,3.0
60,eraser_movie_10_synonym_5_14,5,14,1.1466459035873413,0.53125,0.09999999999999999,0.625,0.05434782608695652,0.06086956521739131,0.7618478260869564,2.0481,97.651,6.347,3.0
44,eraser_movie_10_synonym_5_15,5,15,1.260876178741455,0.5364583333333334,0.08247422680412371,0.8,0.043478260869565216,0.1050149179513433,0.7109782608695653,2.0506,97.534,6.34,3.0
5,eraser_movie_10_synonym_5_16,5,16,1.3142675161361694,0.53125,0.08163265306122448,0.6666666666666666,0.043478260869565216,0.06741052976458244,0.7517391304347827,2.0737,96.444,6.269,3.0
15,eraser_movie_10_synonym_5_17,5,17,1.3222914934158325,0.5260416666666666,0.042105263157894736,0.6666666666666666,0.021739130434782608,0.04728662437434604,0.677391304347826,2.0273,98.651,6.412,3.0
88,eraser_movie_10_synonym_5_18,5,18,1.26558256149292,0.5364583333333334,0.06315789473684211,1.0,0.03260869565217391,0.13135173437318343,0.6697826086956521,2.0495,97.583,6.343,3.0
54,eraser_movie_10_synonym_5_19,5,19,1.5143957138061523,0.53125,0.042553191489361694,1.0,0.021739130434782608,0.10696563746013953,0.692608695652174,2.0817,96.074,6.245,3.0
19,eraser_movie_10_synonym_10_0,10,0,1.255715250968933,0.5364583333333334,0.06315789473684211,1.0,0.03260869565217391,0.13135173437318343,0.7340217391304348,2.0391,98.084,6.375,3.0
95,eraser_movie_10_synonym_10_1,10,1,1.4728871583938599,0.546875,0.10309278350515463,1.0,0.05434782608695652,0.17047876290802483,0.6734782608695652,2.0443,97.835,6.359,3.0
63,eraser_movie_10_synonym_10_2,10,2,1.43646240234375,0.5416666666666666,0.08333333333333333,1.0,0.043478260869565216,0.15207476616811838,0.8354347826086954,2.0535,97.394,6.331,3.0
48,eraser_movie_10_synonym_10_3,10,3,1.2956541776657104,0.53125,0.042553191489361694,1.0,0.021739130434782608,0.10696563746013953,0.7060869565217391,2.0403,98.025,6.372,3.0
67,eraser_movie_10_synonym_10_4,10,4,1.3550100326538086,0.53125,0.042553191489361694,1.0,0.021739130434782608,0.10696563746013953,0.7255434782608694,2.0431,97.888,6.363,3.0
94,eraser_movie_10_synonym_10_5,10,5,1.360568642616272,0.5260416666666666,0.02150537634408602,1.0,0.010869565217391304,0.07543786742456422,0.6803260869565216,2.0587,97.147,6.315,3.0
38,eraser_movie_10_synonym_10_6,10,6,1.2121213674545288,0.53125,0.042553191489361694,1.0,0.021739130434782608,0.10696563746013953,0.7001086956521739,2.0292,98.563,6.407,3.0
11,eraser_movie_10_synonym_10_7,10,7,1.6047191619873047,0.5260416666666666,0.02150537634408602,1.0,0.010869565217391304,0.07543786742456422,0.6329347826086956,2.0379,98.14,6.379,3.0
6,eraser_movie_10_synonym_10_8,10,8,1.255715250968933,0.5364583333333334,0.06315789473684211,1.0,0.03260869565217391,0.13135173437318343,0.7340217391304348,2.0682,96.701,6.286,3.0
78,eraser_movie_10_synonym_10_9,10,9,1.4728871583938599,0.546875,0.10309278350515463,1.0,0.05434782608695652,0.17047876290802483,0.6734782608695652,2.0511,97.511,6.338,3.0
43,eraser_movie_10_synonym_10_10,10,10,1.43646240234375,0.5416666666666666,0.08333333333333333,1.0,0.043478260869565216,0.15207476616811838,0.8354347826086954,2.0483,97.644,6.347,3.0
23,eraser_movie_10_synonym_10_11,10,11,1.2956541776657104,0.53125,0.042553191489361694,1.0,0.021739130434782608,0.10696563746013953,0.7060869565217391,2.0607,97.054,6.308,3.0
74,eraser_movie_10_synonym_10_12,10,12,1.3550100326538086,0.53125,0.042553191489361694,1.0,0.021739130434782608,0.10696563746013953,0.7255434782608694,2.0607,97.054,6.309,3.0
64,eraser_movie_10_synonym_10_13,10,13,1.360568642616272,0.5260416666666666,0.02150537634408602,1.0,0.010869565217391304,0.07543786742456422,0.6803260869565216,2.0708,96.583,6.278,3.0
14,eraser_movie_10_synonym_10_14,10,14,1.2121213674545288,0.53125,0.042553191489361694,1.0,0.021739130434782608,0.10696563746013953,0.7001086956521739,2.0527,97.431,6.333,3.0
27,eraser_movie_10_synonym_10_15,10,15,1.6047191619873047,0.5260416666666666,0.02150537634408602,1.0,0.010869565217391304,0.07543786742456422,0.6329347826086956,2.0476,97.676,6.349,3.0
79,eraser_movie_10_synonym_10_16,10,16,1.255715250968933,0.5364583333333334,0.06315789473684211,1.0,0.03260869565217391,0.13135173437318343,0.7340217391304348,2.0628,96.954,6.302,3.0
8,eraser_movie_10_synonym_10_17,10,17,1.4728871583938599,0.546875,0.10309278350515463,1.0,0.05434782608695652,0.17047876290802483,0.6734782608695652,2.0556,97.295,6.324,3.0
30,eraser_movie_10_synonym_10_18,10,18,1.43646240234375,0.5416666666666666,0.08333333333333333,1.0,0.043478260869565216,0.15207476616811838,0.8354347826086954,2.0647,96.869,6.296,3.0
90,eraser_movie_10_synonym_10_19,10,19,1.2956541776657104,0.53125,0.042553191489361694,1.0,0.021739130434782608,0.10696563746013953,0.7060869565217391,2.0377,98.149,6.38,3.0
71,eraser_movie_10_synonym_20_0,20,0,1.3042863607406616,0.53125,0.042553191489361694,1.0,0.021739130434782608,0.10696563746013953,0.7793478260869565,2.0429,97.902,6.364,3.0
84,eraser_movie_10_synonym_20_1,20,1,1.5869112014770508,0.53125,0.042553191489361694,1.0,0.021739130434782608,0.10696563746013953,0.7251086956521738,2.0569,97.235,6.32,3.0
73,eraser_movie_10_synonym_20_2,20,2,1.3340545892715454,0.53125,0.042553191489361694,1.0,0.021739130434782608,0.10696563746013953,0.7421739130434784,2.0651,96.847,6.295,3.0
28,eraser_movie_10_synonym_20_3,20,3,1.6596843004226685,0.546875,0.10309278350515463,1.0,0.05434782608695652,0.17047876290802483,0.7175,2.0626,96.964,6.303,3.0
52,eraser_movie_10_synonym_20_4,20,4,1.4066524505615234,0.5416666666666666,0.1020408163265306,0.8333333333333334,0.05434782608695652,0.1273310006664335,0.7568478260869566,2.0411,97.985,6.369,3.0
22,eraser_movie_10_synonym_20_5,20,5,1.2537928819656372,0.546875,0.12121212121212122,0.8571428571428571,0.06521739130434782,0.14717529480078453,0.6864130434782609,2.0443,97.833,6.359,3.0
68,eraser_movie_10_synonym_20_6,20,6,1.5585708618164062,0.5416666666666666,0.08333333333333333,1.0,0.043478260869565216,0.15207476616811838,0.8491304347826086,2.0466,97.725,6.352,3.0
50,eraser_movie_10_synonym_20_7,20,7,1.1437891721725464,0.5364583333333334,0.06315789473684211,1.0,0.03260869565217391,0.13135173437318343,0.7528260869565218,2.0597,97.102,6.312,3.0
80,eraser_movie_10_synonym_20_8,20,8,1.3042863607406616,0.53125,0.042553191489361694,1.0,0.021739130434782608,0.10696563746013953,0.7793478260869565,2.0409,97.995,6.37,3.0
36,eraser_movie_10_synonym_20_9,20,9,1.5869112014770508,0.53125,0.042553191489361694,1.0,0.021739130434782608,0.10696563746013953,0.7251086956521738,2.0516,97.485,6.337,3.0
17,eraser_movie_10_synonym_20_10,20,10,1.3340545892715454,0.53125,0.042553191489361694,1.0,0.021739130434782608,0.10696563746013953,0.7421739130434784,2.0472,97.695,6.35,3.0
51,eraser_movie_10_synonym_20_11,20,11,1.6596843004226685,0.546875,0.10309278350515463,1.0,0.05434782608695652,0.17047876290802483,0.7175,2.039,98.085,6.376,3.0
41,eraser_movie_10_synonym_20_12,20,12,1.4066524505615234,0.5416666666666666,0.1020408163265306,0.8333333333333334,0.05434782608695652,0.1273310006664335,0.7568478260869566,2.0612,97.029,6.307,3.0
13,eraser_movie_10_synonym_20_13,20,13,1.2537928819656372,0.546875,0.12121212121212122,0.8571428571428571,0.06521739130434782,0.14717529480078453,0.6864130434782609,2.0416,97.96,6.367,3.0
18,eraser_movie_10_synonym_20_14,20,14,1.5585708618164062,0.5416666666666666,0.08333333333333333,1.0,0.043478260869565216,0.15207476616811838,0.8491304347826086,2.0526,97.439,6.334,3.0
39,eraser_movie_10_synonym_20_15,20,15,1.1437891721725464,0.5364583333333334,0.06315789473684211,1.0,0.03260869565217391,0.13135173437318343,0.7528260869565218,2.0385,98.109,6.377,3.0
72,eraser_movie_10_synonym_20_16,20,16,1.3042863607406616,0.53125,0.042553191489361694,1.0,0.021739130434782608,0.10696563746013953,0.7793478260869565,2.0343,98.316,6.391,3.0
40,eraser_movie_10_synonym_20_17,20,17,1.5869112014770508,0.53125,0.042553191489361694,1.0,0.021739130434782608,0.10696563746013953,0.7251086956521738,2.0387,98.1,6.377,3.0
47,eraser_movie_10_synonym_20_18,20,18,1.3340545892715454,0.53125,0.042553191489361694,1.0,0.021739130434782608,0.10696563746013953,0.7421739130434784,2.0473,97.69,6.35,3.0
1,eraser_movie_10_synonym_20_19,20,19,1.6596843004226685,0.546875,0.10309278350515463,1.0,0.05434782608695652,0.17047876290802483,0.7175,2.0647,96.864,6.296,3.0
